[2026-07-20 13:03:55,440] INFO     in audit_engine [Trace: N/A, Request: N/A, Session: N/A]: [AUDIT] type=authz | user=anonymous | action=websocket_handshake | status=success | meta={'warning': 'Unauthenticated connection accepted for backward compatibility'}
[2026-07-20 13:03:55,595] INFO     in audit_engine [Trace: N/A, Request: N/A, Session: N/A]: [AUDIT] type=authz | user=anonymous | action=websocket_handshake | status=success | meta={'warning': 'Unauthenticated connection accepted for backward compatibility'}
[2026-07-20 13:04:47,117] INFO     in audit_engine [Trace: N/A, Request: N/A, Session: N/A]: [AUDIT] type=authz | user=anonymous | action=websocket_handshake | status=success | meta={'warning': 'Unauthenticated connection accepted for backward compatibility'}
[2026-07-20 13:04:47,446] INFO     in audit_engine [Trace: N/A, Request: N/A, Session: N/A]: [AUDIT] type=authz | user=anonymous | action=websocket_handshake | status=success | meta={'warning': 'Unauthenticated connection accepted for backward compatibility'}
[2026-07-20 13:09:56,709] INFO     in audit_engine [Trace: N/A, Request: N/A, Session: N/A]: [AUDIT] type=authz | user=anonymous | action=websocket_handshake | status=success | meta={'warning': 'Unauthenticated connection accepted for backward compatibility'}
[2026-07-20 13:10:00,131] INFO     in audit_engine [Trace: N/A, Request: N/A, Session: N/A]: [AUDIT] type=authz | user=anonymous | action=websocket_handshake | status=success | meta={'warning': 'Unauthenticated connection accepted for backward compatibility'}
[2026-07-20 13:28:34,985] INFO     in audit_engine [Trace: N/A, Request: N/A, Session: N/A]: [AUDIT] type=authz | user=anonymous | action=websocket_handshake | status=success | meta={'warning': 'Unauthenticated connection accepted for backward compatibility'}
[2026-07-20 13:28:35,114] INFO     in audit_engine [Trace: N/A, Request: N/A, Session: N/A]: [AUDIT] type=authz | user=anonymous | action=websocket_handshake | status=success | meta={'warning': 'Unauthenticated connection accepted for backward compatibility'}
[2026-07-20 13:29:25,695] INFO     in audit_engine [Trace: N/A, Request: N/A, Session: N/A]: [AUDIT] type=authz | user=anonymous | action=websocket_handshake | status=success | meta={'warning': 'Unauthenticated connection accepted for backward compatibility'}
[2026-07-20 13:29:28,113] INFO     in audit_engine [Trace: N/A, Request: N/A, Session: N/A]: [AUDIT] type=authz | user=anonymous | action=websocket_handshake | status=success | meta={'warning': 'Unauthenticated connection accepted for backward compatibility'}
[2026-07-20 13:44:56,434] INFO     in audit_engine [Trace: N/A, Request: N/A, Session: N/A]: [AUDIT] type=authz | user=anonymous | action=websocket_handshake | status=success | meta={'warning': 'Unauthenticated connection accepted for backward compatibility'}
[2026-07-20 13:44:56,674] INFO     in audit_engine [Trace: N/A, Request: N/A, Session: N/A]: [AUDIT] type=authz | user=anonymous | action=websocket_handshake | status=success | meta={'warning': 'Unauthenticated connection accepted for backward compatibility'}
[2026-07-20 13:50:27,293] INFO     in audit_engine [Trace: N/A, Request: N/A, Session: N/A]: [AUDIT] type=authz | user=anonymous | action=websocket_handshake | status=success | meta={'warning': 'Unauthenticated connection accepted for backward compatibility'}
[2026-07-20 13:50:27,616] INFO     in audit_engine [Trace: N/A, Request: N/A, Session: N/A]: [AUDIT] type=authz | user=anonymous | action=websocket_handshake | status=success | meta={'warning': 'Unauthenticated connection accepted for backward compatibility'}
[2026-07-20 14:04:34,445] INFO     in audit_engine [Trace: N/A, Request: N/A, Session: N/A]: [AUDIT] type=authz | user=anonymous | action=websocket_handshake | status=success | meta={'warning': 'Unauthenticated connection accepted for backward compatibility'}
[2026-07-20 14:04:34,626] INFO     in audit_engine [Trace: N/A, Request: N/A, Session: N/A]: [AUDIT] type=authz | user=anonymous | action=websocket_handshake | status=success | meta={'warning': 'Unauthenticated connection accepted for backward compatibility'}
[2026-07-20 14:12:56,292] INFO     in audit_engine [Trace: N/A, Request: N/A, Session: N/A]: [AUDIT] type=authz | user=anonymous | action=websocket_handshake | status=success | meta={'warning': 'Unauthenticated connection accepted for backward compatibility'}
[2026-07-20 14:12:58,351] INFO     in audit_engine [Trace: N/A, Request: N/A, Session: N/A]: [AUDIT] type=authz | user=anonymous | action=websocket_handshake | status=success | meta={'warning': 'Unauthenticated connection accepted for backward compatibility'}
[2026-07-20 16:32:54,890] INFO     in audit_engine [Trace: N/A, Request: N/A, Session: N/A]: [AUDIT] type=authz | user=anonymous | action=websocket_handshake | status=success | meta={'warning': 'Unauthenticated connection accepted for backward compatibility'}
[2026-07-20 16:32:54,936] INFO     in audit_engine [Trace: N/A, Request: N/A, Session: N/A]: [AUDIT] type=authz | user=anonymous | action=websocket_handshake | status=success | meta={'warning': 'Unauthenticated connection accepted for backward compatibility'}
[2026-07-20 17:51:38,473] INFO     in audit_engine [Trace: N/A, Request: N/A, Session: N/A]: [AUDIT] type=authz | user=anonymous | action=websocket_handshake | status=success | meta={'warning': 'Unauthenticated connection accepted for backward compatibility'}
[2026-07-20 17:51:38,572] INFO     in audit_engine [Trace: N/A, Request: N/A, Session: N/A]: [AUDIT] type=authz | user=anonymous | action=websocket_handshake | status=success | meta={'warning': 'Unauthenticated connection accepted for backward compatibility'}
[2026-07-20 19:24:14,437] INFO     in audit_engine [Trace: N/A, Request: N/A, Session: N/A]: [AUDIT] type=authz | user=anonymous | action=websocket_handshake | status=success | meta={'warning': 'Unauthenticated connection accepted for backward compatibility'}
[2026-07-20 19:24:14,460] INFO     in audit_engine [Trace: N/A, Request: N/A, Session: N/A]: [AUDIT] type=authz | user=anonymous | action=websocket_handshake | status=success | meta={'warning': 'Unauthenticated connection accepted for backward compatibility'}
[2026-07-20 19:24:16,574] INFO     in audit_engine [Trace: N/A, Request: N/A, Session: N/A]: [AUDIT] type=authz | user=anonymous | action=websocket_handshake | status=success | meta={'warning': 'Unauthenticated connection accepted for backward compatibility'}
[2026-07-20 19:24:20,168] INFO     in audit_engine [Trace: N/A, Request: N/A, Session: N/A]: [AUDIT] type=authz | user=anonymous | action=websocket_handshake | status=success | meta={'warning': 'Unauthenticated connection accepted for backward compatibility'}
[2026-07-20 22:34:51,622] INFO     in audit_engine [Trace: N/A, Request: N/A, Session: N/A]: [AUDIT] type=authz | user=anonymous | action=websocket_handshake | status=success | meta={'warning': 'Unauthenticated connection accepted for backward compatibility'}
[2026-07-20 22:34:52,309] INFO     in audit_engine [Trace: N/A, Request: N/A, Session: N/A]: [AUDIT] type=authz | user=anonymous | action=websocket_handshake | status=success | meta={'warning': 'Unauthenticated connection accepted for backward compatibility'}
[2026-07-20 22:34:52,347] INFO     in audit_engine [Trace: N/A, Request: N/A, Session: N/A]: [AUDIT] type=authz | user=anonymous | action=websocket_handshake | status=success | meta={'warning': 'Unauthenticated connection accepted for backward compatibility'}
[2026-07-20 22:34:52,471] INFO     in audit_engine [Trace: N/A, Request: N/A, Session: N/A]: [AUDIT] type=authz | user=anonymous | action=websocket_handshake | status=success | meta={'warning': 'Unauthenticated connection accepted for backward compatibility'}
[2026-07-21 07:32:22,372] INFO     in audit_engine [Trace: N/A, Request: N/A, Session: N/A]: [AUDIT] type=authz | user=anonymous | action=websocket_handshake | status=success | meta={'warning': 'Unauthenticated connection accepted for backward compatibility'}
[2026-07-21 07:32:22,403] INFO     in audit_engine [Trace: N/A, Request: N/A, Session: N/A]: [AUDIT] type=authz | user=anonymous | action=websocket_handshake | status=success | meta={'warning': 'Unauthenticated connection accepted for backward compatibility'}
[2026-07-21 07:32:22,425] INFO     in audit_engine [Trace: N/A, Request: N/A, Session: N/A]: [AUDIT] type=authz | user=anonymous | action=websocket_handshake | status=success | meta={'warning': 'Unauthenticated connection accepted for backward compatibility'}
[2026-07-21 07:32:22,448] INFO     in audit_engine [Trace: N/A, Request: N/A, Session: N/A]: [AUDIT] type=authz | user=anonymous | action=websocket_handshake | status=success | meta={'warning': 'Unauthenticated connection accepted for backward compatibility'}
[2026-07-21 07:39:57,634] INFO     in audit_engine [Trace: N/A, Request: N/A, Session: N/A]: [AUDIT] type=authz | user=anonymous | action=websocket_handshake | status=success | meta={'warning': 'Unauthenticated connection accepted for backward compatibility'}
[2026-07-21 07:39:57,657] INFO     in audit_engine [Trace: N/A, Request: N/A, Session: N/A]: [AUDIT] type=authz | user=anonymous | action=websocket_handshake | status=success | meta={'warning': 'Unauthenticated connection accepted for backward compatibility'}
[2026-07-21 07:39:58,148] INFO     in audit_engine [Trace: N/A, Request: N/A, Session: N/A]: [AUDIT] type=authz | user=anonymous | action=websocket_handshake | status=success | meta={'warning': 'Unauthenticated connection accepted for backward compatibility'}
[2026-07-21 07:40:00,007] INFO     in audit_engine [Trace: N/A, Request: N/A, Session: N/A]: [AUDIT] type=authz | user=anonymous | action=websocket_handshake | status=success | meta={'warning': 'Unauthenticated connection accepted for backward compatibility'}
[2026-07-21 07:55:24,085] INFO     in audit_engine [Trace: N/A, Request: N/A, Session: N/A]: [AUDIT] type=authz | user=anonymous | action=websocket_handshake | status=success | meta={'warning': 'Unauthenticated connection accepted for backward compatibility'}
[2026-07-21 07:55:24,103] INFO     in audit_engine [Trace: N/A, Request: N/A, Session: N/A]: [AUDIT] type=authz | user=anonymous | action=websocket_handshake | status=success | meta={'warning': 'Unauthenticated connection accepted for backward compatibility'}
[2026-08-11 10:15:08,838] INFO     in audit_engine [Trace: N/A, Request: N/A, Session: N/A]: [AUDIT] type=authz | user=anonymous | action=websocket_handshake | status=success | meta={'warning': 'Unauthenticated connection accepted for backward compatibility'}
[2026-08-11 10:15:08,865] INFO     in audit_engine [Trace: N/A, Request: N/A, Session: N/A]: [AUDIT] type=authz | user=anonymous | action=websocket_handshake | status=success | meta={'warning': 'Unauthenticated connection accepted for backward compatibility'}
[2026-08-11 12:16:19,910] INFO     in audit_engine [Trace: N/A, Request: N/A, Session: N/A]: [AUDIT] type=authz | user=anonymous | action=websocket_handshake | status=success | meta={'warning': 'Unauthenticated connection accepted for backward compatibility'}
[2026-08-11 12:16:19,969] INFO     in audit_engine [Trace: N/A, Request: N/A, Session: N/A]: [AUDIT] type=authz | user=anonymous | action=websocket_handshake | status=success | meta={'warning': 'Unauthenticated connection accepted for backward compatibility'}
[2026-08-11 12:31:02,938] INFO     in audit_engine [Trace: N/A, Request: N/A, Session: N/A]: [AUDIT] type=authz | user=anonymous | action=websocket_handshake | status=success | meta={'warning': 'Unauthenticated connection accepted for backward compatibility'}
[2026-08-11 12:31:02,975] INFO     in audit_engine [Trace: N/A, Request: N/A, Session: N/A]: [AUDIT] type=authz | user=anonymous | action=websocket_handshake | status=success | meta={'warning': 'Unauthenticated connection accepted for backward compatibility'}
[2026-08-11 12:43:09,524] INFO     in audit_engine [Trace: N/A, Request: N/A, Session: N/A]: [AUDIT] type=authz | user=anonymous | action=websocket_handshake | status=success | meta={'warning': 'Unauthenticated connection accepted for backward compatibility'}
[2026-08-11 12:43:09,576] INFO     in audit_engine [Trace: N/A, Request: N/A, Session: N/A]: [AUDIT] type=authz | user=anonymous | action=websocket_handshake | status=success | meta={'warning': 'Unauthenticated connection accepted for backward compatibility'}
[2026-08-11 12:53:50,621] INFO     in audit_engine [Trace: N/A, Request: N/A, Session: N/A]: [AUDIT] type=authz | user=anonymous | action=websocket_handshake | status=success | meta={'warning': 'Unauthenticated connection accepted for backward compatibility'}
[2026-08-11 12:53:50,636] INFO     in audit_engine [Trace: N/A, Request: N/A, Session: N/A]: [AUDIT] type=authz | user=anonymous | action=websocket_handshake | status=success | meta={'warning': 'Unauthenticated connection accepted for backward compatibility'}
[2026-08-16 13:37:47,315] INFO     in audit_engine [Trace: N/A, Request: N/A, Session: N/A]: [AUDIT] type=authz | user=anonymous | action=orchestrator_query_start | status=success | meta={'query': 'Should I plant Wheat in Ludhiana next season?'}
[2026-08-16 13:37:47,331] WARNING  in audit_engine [Trace: N/A, Request: N/A, Session: N/A]: [AUDIT] type=authz | user=anonymous | action=execute_agent:Memory | status=failure | meta={'reason': 'Unauthorized agent scope'}
[2026-08-16 13:38:21,201] INFO     in audit_engine [Trace: N/A, Request: N/A, Session: N/A]: [AUDIT] type=authz | user=anonymous | action=orchestrator_query_complete | status=success | meta={}
[2026-08-16 13:38:22,563] INFO     in audit_engine [Trace: N/A, Request: N/A, Session: N/A]: [AUDIT] type=authz | user=anonymous | action=orchestrator_query_start | status=success | meta={'query': 'Market price of wheat?'}
[2026-08-16 13:38:22,567] WARNING  in audit_engine [Trace: N/A, Request: N/A, Session: N/A]: [AUDIT] type=authz | user=anonymous | action=execute_agent:Knowledge | status=failure | meta={'reason': 'Unauthorized agent scope'}
[2026-08-16 13:38:22,784] INFO     in audit_engine [Trace: N/A, Request: N/A, Session: N/A]: [AUDIT] type=authz | user=anonymous | action=orchestrator_query_complete | status=success | meta={}
[2026-08-16 13:38:24,544] INFO     in audit_engine [Trace: N/A, Request: N/A, Session: N/A]: [AUDIT] type=authz | user=anonymous | action=orchestrator_query_start | status=success | meta={'query': 'Explain PM-Kisan scheme and weather risks in Ludhi'}
[2026-08-16 13:38:24,552] WARNING  in audit_engine [Trace: N/A, Request: N/A, Session: N/A]: [AUDIT] type=authz | user=anonymous | action=execute_agent:Knowledge | status=failure | meta={'reason': 'Unauthorized agent scope'}
[2026-08-16 13:38:57,480] INFO     in audit_engine [Trace: N/A, Request: N/A, Session: N/A]: [AUDIT] type=authz | user=anonymous | action=orchestrator_query_complete | status=success | meta={}
[2026-08-16 13:38:59,086] INFO     in audit_engine [Trace: N/A, Request: N/A, Session: N/A]: [AUDIT] type=authz | user=anonymous | action=orchestrator_query_start | status=success | meta={'query': 'What is the price of wheat?'}
[2026-08-16 13:38:59,101] WARNING  in audit_engine [Trace: N/A, Request: N/A, Session: N/A]: [AUDIT] type=authz | user=anonymous | action=execute_agent:Knowledge | status=failure | meta={'reason': 'Unauthorized agent scope'}
[2026-08-16 13:39:32,239] INFO     in audit_engine [Trace: N/A, Request: N/A, Session: N/A]: [AUDIT] type=authz | user=anonymous | action=orchestrator_query_complete | status=success | meta={}
[2026-08-16 13:40:59,445] INFO     in audit_engine [Trace: N/A, Request: N/A, Session: N/A]: [AUDIT] type=authz | user=anonymous | action=orchestrator_query_start | status=success | meta={'query': 'Tell me about the PM-Kisan scheme and who is eligi'}
[2026-08-16 13:40:59,454] WARNING  in audit_engine [Trace: N/A, Request: N/A, Session: N/A]: [AUDIT] type=authz | user=anonymous | action=execute_agent:Knowledge | status=failure | meta={'reason': 'Unauthorized agent scope'}
[2026-08-16 13:40:59,626] INFO     in audit_engine [Trace: N/A, Request: N/A, Session: N/A]: [AUDIT] type=authz | user=anonymous | action=orchestrator_query_complete | status=success | meta={}
[2026-08-16 13:41:01,890] INFO     in audit_engine [Trace: N/A, Request: N/A, Session: N/A]: [AUDIT] type=authz | user=anonymous | action=orchestrator_query_start | status=success | meta={'query': 'Tell me about PM-Kisan scheme.'}
[2026-08-16 13:41:01,891] WARNING  in audit_engine [Trace: N/A, Request: N/A, Session: N/A]: [AUDIT] type=authz | user=anonymous | action=execute_agent:Knowledge | status=failure | meta={'reason': 'Unauthorized agent scope'}
[2026-08-16 13:41:02,057] INFO     in audit_engine [Trace: N/A, Request: N/A, Session: N/A]: [AUDIT] type=authz | user=anonymous | action=orchestrator_query_complete | status=success | meta={}
[2026-08-16 13:41:22,271] INFO     in audit_engine [Trace: N/A, Request: N/A, Session: N/A]: [AUDIT] type=authz | user=anonymous | action=orchestrator_query_start | status=success | meta={'query': 'Advisory for organic wheat fertilization'}
[2026-08-16 13:41:22,279] WARNING  in audit_engine [Trace: N/A, Request: N/A, Session: N/A]: [AUDIT] type=authz | user=anonymous | action=execute_agent:Memory | status=failure | meta={'reason': 'Unauthorized agent scope'}
[2026-08-16 13:41:22,283] WARNING  in audit_engine [Trace: N/A, Request: N/A, Session: N/A]: [AUDIT] type=authz | user=anonymous | action=execute_agent:Knowledge | status=failure | meta={'reason': 'Unauthorized agent scope'}
[2026-08-16 13:41:55,472] INFO     in audit_engine [Trace: N/A, Request: N/A, Session: N/A]: [AUDIT] type=authz | user=anonymous | action=orchestrator_query_complete | status=success | meta={}
[2026-08-16 13:41:56,201] INFO     in audit_engine [Trace: N/A, Request: N/A, Session: N/A]: [AUDIT] type=authz | user=anonymous | action=orchestrator_query_start | status=success | meta={'query': 'What is the nitrogen dose for maize?'}
[2026-08-16 13:41:56,212] WARNING  in audit_engine [Trace: N/A, Request: N/A, Session: N/A]: [AUDIT] type=authz | user=anonymous | action=execute_agent:Memory | status=failure | meta={'reason': 'Unauthorized agent scope'}
[2026-08-16 13:41:56,214] WARNING  in audit_engine [Trace: N/A, Request: N/A, Session: N/A]: [AUDIT] type=authz | user=anonymous | action=execute_agent:Knowledge | status=failure | meta={'reason': 'Unauthorized agent scope'}
[2026-08-16 13:42:28,984] INFO     in audit_engine [Trace: N/A, Request: N/A, Session: N/A]: [AUDIT] type=authz | user=anonymous | action=orchestrator_query_complete | status=success | meta={}
[2026-08-16 13:42:35,529] INFO     in audit_engine [Trace: N/A, Request: N/A, Session: N/A]: [AUDIT] type=authz | user=anonymous | action=orchestrator_query_start | status=success | meta={'query': 'What irrigation advice is recommended for my rice '}
[2026-08-16 13:42:35,541] WARNING  in audit_engine [Trace: N/A, Request: N/A, Session: N/A]: [AUDIT] type=authz | user=anonymous | action=execute_agent:Memory | status=failure | meta={'reason': 'Unauthorized agent scope'}
[2026-08-16 13:42:35,545] WARNING  in audit_engine [Trace: N/A, Request: N/A, Session: N/A]: [AUDIT] type=authz | user=anonymous | action=execute_agent:Knowledge | status=failure | meta={'reason': 'Unauthorized agent scope'}
[2026-08-16 13:42:35,702] INFO     in audit_engine [Trace: N/A, Request: N/A, Session: N/A]: [AUDIT] type=authz | user=anonymous | action=orchestrator_query_complete | status=success | meta={}
[2026-08-16 13:42:38,440] INFO     in audit_engine [Trace: N/A, Request: N/A, Session: N/A]: [AUDIT] type=authz | user=anonymous | action=orchestrator_query_start | status=success | meta={'query': 'What is the current mandi rate for wheat in Punjab'}
[2026-08-16 13:42:38,448] WARNING  in audit_engine [Trace: N/A, Request: N/A, Session: N/A]: [AUDIT] type=authz | user=anonymous | action=execute_agent:Knowledge | status=failure | meta={'reason': 'Unauthorized agent scope'}
[2026-08-16 13:43:11,448] INFO     in audit_engine [Trace: N/A, Request: N/A, Session: N/A]: [AUDIT] type=authz | user=anonymous | action=orchestrator_query_complete | status=success | meta={}
[2026-08-16 13:43:16,932] INFO     in audit_engine [Trace: N/A, Request: N/A, Session: N/A]: [AUDIT] type=authz | user=anonymous | action=orchestrator_query_start | status=success | meta={'query': 'What is the weather forecast for Ludhiana today?'}
[2026-08-16 13:43:16,941] WARNING  in audit_engine [Trace: N/A, Request: N/A, Session: N/A]: [AUDIT] type=authz | user=anonymous | action=execute_agent:Knowledge | status=failure | meta={'reason': 'Unauthorized agent scope'}
[2026-08-16 13:43:49,208] INFO     in audit_engine [Trace: N/A, Request: N/A, Session: N/A]: [AUDIT] type=authz | user=anonymous | action=orchestrator_query_complete | status=success | meta={}
[2026-08-16 13:43:55,152] INFO     in audit_engine [Trace: N/A, Request: N/A, Session: N/A]: [AUDIT] type=authz | user=anonymous | action=orchestrator_query_start | status=success | meta={'query': 'My wheat crop has yellow rust spots, what should I'}
[2026-08-16 13:43:55,158] WARNING  in audit_engine [Trace: N/A, Request: N/A, Session: N/A]: [AUDIT] type=authz | user=anonymous | action=execute_agent:Knowledge | status=failure | meta={'reason': 'Unauthorized agent scope'}
[2026-08-16 13:44:27,592] INFO     in audit_engine [Trace: N/A, Request: N/A, Session: N/A]: [AUDIT] type=authz | user=anonymous | action=orchestrator_query_complete | status=success | meta={}
[2026-08-16 13:44:49,485] INFO     in audit_engine [Trace: N/A, Request: N/A, Session: N/A]: [AUDIT] type=authz | user=anonymous | action=orchestrator_query_start | status=success | meta={'query': 'How is the mandi price of wheat today?'}
[2026-08-16 13:44:49,492] WARNING  in audit_engine [Trace: N/A, Request: N/A, Session: N/A]: [AUDIT] type=authz | user=anonymous | action=execute_agent:Knowledge | status=failure | meta={'reason': 'Unauthorized agent scope'}
[2026-08-16 13:44:49,940] INFO     in audit_engine [Trace: N/A, Request: N/A, Session: N/A]: [AUDIT] type=authz | user=anonymous | action=orchestrator_query_complete | status=success | meta={}
[2026-08-16 13:44:51,538] INFO     in audit_engine [Trace: N/A, Request: N/A, Session: N/A]: [AUDIT] type=authz | user=anonymous | action=orchestrator_query_start | status=success | meta={'query': 'what is the price of wheat in Ludhiana today'}
[2026-08-16 13:44:51,546] WARNING  in audit_engine [Trace: N/A, Request: N/A, Session: N/A]: [AUDIT] type=authz | user=anonymous | action=execute_agent:Knowledge | status=failure | meta={'reason': 'Unauthorized agent scope'}
[2026-08-16 13:44:51,729] INFO     in audit_engine [Trace: N/A, Request: N/A, Session: N/A]: [AUDIT] type=authz | user=anonymous | action=orchestrator_query_complete | status=success | meta={}
[2026-08-16 13:44:51,729] INFO     in audit_engine [Trace: N/A, Request: N/A, Session: N/A]: [AUDIT] type=authz | user=anonymous | action=orchestrator_query_start | status=success | meta={'query': 'am I eligible for PM Kisan scheme'}
[2026-08-16 13:44:51,745] WARNING  in audit_engine [Trace: N/A, Request: N/A, Session: N/A]: [AUDIT] type=authz | user=anonymous | action=execute_agent:Knowledge | status=failure | meta={'reason': 'Unauthorized agent scope'}
[2026-08-16 13:44:52,012] INFO     in audit_engine [Trace: N/A, Request: N/A, Session: N/A]: [AUDIT] type=authz | user=anonymous | action=orchestrator_query_complete | status=success | meta={}
[2026-08-16 13:44:52,017] INFO     in audit_engine [Trace: N/A, Request: N/A, Session: N/A]: [AUDIT] type=authz | user=anonymous | action=orchestrator_query_start | status=success | meta={'query': 'what is the agronomic guide for wheat sowing depth'}
[2026-08-16 13:44:52,025] WARNING  in audit_engine [Trace: N/A, Request: N/A, Session: N/A]: [AUDIT] type=authz | user=anonymous | action=execute_agent:Memory | status=failure | meta={'reason': 'Unauthorized agent scope'}
[2026-08-16 13:44:52,035] WARNING  in audit_engine [Trace: N/A, Request: N/A, Session: N/A]: [AUDIT] type=authz | user=anonymous | action=execute_agent:Knowledge | status=failure | meta={'reason': 'Unauthorized agent scope'}
[2026-08-16 13:44:52,224] INFO     in audit_engine [Trace: N/A, Request: N/A, Session: N/A]: [AUDIT] type=authz | user=anonymous | action=orchestrator_query_complete | status=success | meta={}
[2026-08-16 13:44:52,224] INFO     in audit_engine [Trace: N/A, Request: N/A, Session: N/A]: [AUDIT] type=authz | user=anonymous | action=orchestrator_query_start | status=success | meta={'query': 'what fertilizer dose should I use for wheat'}
[2026-08-16 13:44:52,232] WARNING  in audit_engine [Trace: N/A, Request: N/A, Session: N/A]: [AUDIT] type=authz | user=anonymous | action=execute_agent:Memory | status=failure | meta={'reason': 'Unauthorized agent scope'}
[2026-08-16 13:44:52,232] WARNING  in audit_engine [Trace: N/A, Request: N/A, Session: N/A]: [AUDIT] type=authz | user=anonymous | action=execute_agent:Knowledge | status=failure | meta={'reason': 'Unauthorized agent scope'}
[2026-08-16 13:44:52,431] INFO     in audit_engine [Trace: N/A, Request: N/A, Session: N/A]: [AUDIT] type=authz | user=anonymous | action=orchestrator_query_complete | status=success | meta={}
[2026-08-16 13:44:52,431] INFO     in audit_engine [Trace: N/A, Request: N/A, Session: N/A]: [AUDIT] type=authz | user=anonymous | action=orchestrator_query_start | status=success | meta={'query': 'It is raining in Ludhiana and my wheat has yellow '}
[2026-08-16 13:44:52,460] WARNING  in audit_engine [Trace: N/A, Request: N/A, Session: N/A]: [AUDIT] type=authz | user=anonymous | action=execute_agent:Knowledge | status=failure | meta={'reason': 'Unauthorized agent scope'}
[2026-08-16 13:45:25,892] INFO     in audit_engine [Trace: N/A, Request: N/A, Session: N/A]: [AUDIT] type=authz | user=anonymous | action=orchestrator_query_complete | status=success | meta={}
[2026-08-16 13:45:25,895] INFO     in audit_engine [Trace: N/A, Request: N/A, Session: N/A]: [AUDIT] type=authz | user=anonymous | action=orchestrator_query_start | status=success | meta={'query': "what's the mandi rate for wheat in Ludhiana"}
[2026-08-16 13:45:25,905] WARNING  in audit_engine [Trace: N/A, Request: N/A, Session: N/A]: [AUDIT] type=authz | user=anonymous | action=execute_agent:Knowledge | status=failure | meta={'reason': 'Unauthorized agent scope'}
[2026-08-16 13:45:26,143] INFO     in audit_engine [Trace: N/A, Request: N/A, Session: N/A]: [AUDIT] type=authz | user=anonymous | action=orchestrator_query_complete | status=success | meta={}
[2026-08-16 13:45:26,143] INFO     in audit_engine [Trace: N/A, Request: N/A, Session: N/A]: [AUDIT] type=authz | user=anonymous | action=orchestrator_query_start | status=success | meta={'query': 'how much money do farmers get under PM-Kisan schem'}
[2026-08-16 13:45:26,149] WARNING  in audit_engine [Trace: N/A, Request: N/A, Session: N/A]: [AUDIT] type=authz | user=anonymous | action=execute_agent:Knowledge | status=failure | meta={'reason': 'Unauthorized agent scope'}
[2026-08-16 13:45:26,314] INFO     in audit_engine [Trace: N/A, Request: N/A, Session: N/A]: [AUDIT] type=authz | user=anonymous | action=orchestrator_query_complete | status=success | meta={}
[2026-08-16 13:45:26,314] INFO     in audit_engine [Trace: N/A, Request: N/A, Session: N/A]: [AUDIT] type=authz | user=anonymous | action=orchestrator_query_start | status=success | meta={'query': 'at what depth should I sow wheat seeds'}
[2026-08-16 13:45:26,324] WARNING  in audit_engine [Trace: N/A, Request: N/A, Session: N/A]: [AUDIT] type=authz | user=anonymous | action=execute_agent:Memory | status=failure | meta={'reason': 'Unauthorized agent scope'}
[2026-08-16 13:45:26,326] WARNING  in audit_engine [Trace: N/A, Request: N/A, Session: N/A]: [AUDIT] type=authz | user=anonymous | action=execute_agent:Knowledge | status=failure | meta={'reason': 'Unauthorized agent scope'}
[2026-08-16 13:45:26,459] INFO     in audit_engine [Trace: N/A, Request: N/A, Session: N/A]: [AUDIT] type=authz | user=anonymous | action=orchestrator_query_complete | status=success | meta={}
[2026-08-16 13:45:26,461] INFO     in audit_engine [Trace: N/A, Request: N/A, Session: N/A]: [AUDIT] type=authz | user=anonymous | action=orchestrator_query_start | status=success | meta={'query': 'how much fertilizer split for wheat crop'}
[2026-08-16 13:45:26,468] WARNING  in audit_engine [Trace: N/A, Request: N/A, Session: N/A]: [AUDIT] type=authz | user=anonymous | action=execute_agent:Memory | status=failure | meta={'reason': 'Unauthorized agent scope'}
[2026-08-16 13:45:26,468] WARNING  in audit_engine [Trace: N/A, Request: N/A, Session: N/A]: [AUDIT] type=authz | user=anonymous | action=execute_agent:Knowledge | status=failure | meta={'reason': 'Unauthorized agent scope'}
[2026-08-16 13:45:26,610] INFO     in audit_engine [Trace: N/A, Request: N/A, Session: N/A]: [AUDIT] type=authz | user=anonymous | action=orchestrator_query_complete | status=success | meta={}
[2026-08-16 13:45:26,611] INFO     in audit_engine [Trace: N/A, Request: N/A, Session: N/A]: [AUDIT] type=authz | user=anonymous | action=orchestrator_query_start | status=success | meta={'query': 'Heavy rain and yellow rust spots on wheat crop, wh'}
[2026-08-16 13:45:26,617] WARNING  in audit_engine [Trace: N/A, Request: N/A, Session: N/A]: [AUDIT] type=authz | user=anonymous | action=execute_agent:Knowledge | status=failure | meta={'reason': 'Unauthorized agent scope'}
[2026-08-16 13:45:58,992] INFO     in audit_engine [Trace: N/A, Request: N/A, Session: N/A]: [AUDIT] type=authz | user=anonymous | action=orchestrator_query_complete | status=success | meta={}
[2026-08-16 13:45:59,068] INFO     in audit_engine [Trace: N/A, Request: N/A, Session: N/A]: [AUDIT] type=auth | user=admin | action=login | status=success | meta={'ip': '127.0.0.1'}
[2026-08-16 13:45:59,070] WARNING  in audit_engine [Trace: N/A, Request: N/A, Session: N/A]: [AUDIT] type=authz | user=farmer_ramesh | action=execute_agent:VerifierAgent | status=failure | meta={'reason': 'role'}
[2026-08-16 13:45:59,437] INFO     in audit_engine [Trace: N/A, Request: N/A, Session: N/A]: [AUDIT] type=auth | user=admin | action=login_credentials | status=success | meta={'session_id': 'sess_9cb135996ccf9a3d', 'role': 'Admin'}
[2026-08-16 13:45:59,457] INFO     in audit_engine [Trace: N/A, Request: N/A, Session: N/A]: [AUDIT] type=auth | user=admin | action=token_refresh | status=success | meta={'session_id': 'sess_9cb135996ccf9a3d'}
[2026-08-16 13:45:59,477] INFO     in audit_engine [Trace: N/A, Request: N/A, Session: N/A]: [AUDIT] type=auth | user=admin | action=logout | status=success | meta={}
[2026-08-16 13:45:59,482] WARNING  in audit_engine [Trace: N/A, Request: N/A, Session: N/A]: [AUDIT] type=auth | user=admin | action=verify_session | status=failure | meta={'reason': 'Session expired or inactive'}
[2026-08-16 13:45:59,482] WARNING  in audit_engine [Trace: N/A, Request: N/A, Session: N/A]: [AUDIT] type=auth | user=anonymous | action=verify_token | status=failure | meta={'error': 'Session expired or timed out', 'token': 'eyJhbGciOiAiSFM...'}
[2026-08-16 13:45:59,593] WARNING  in audit_engine [Trace: N/A, Request: N/A, Session: N/A]: [AUDIT] type=auth | user=anonymous | action=verify_token | status=failure | meta={'error': 'Malformed token structure', 'token': 'invalid_token...'}
[2026-08-16 13:45:59,593] WARNING  in audit_engine [Trace: N/A, Request: N/A, Session: N/A]: [AUDIT] type=authz | user=anonymous | action=websocket_handshake | status=failure | meta={'reason': 'Invalid token: Invalid token: Malformed token structure'}
[2026-08-16 13:45:59,602] INFO     in audit_engine [Trace: N/A, Request: N/A, Session: N/A]: [AUDIT] type=authz | user=anonymous | action=websocket_handshake | status=success | meta={'warning': 'Unauthenticated connection accepted for backward compatibility'}
[2026-08-16 13:46:34,436] INFO     in audit_engine [Trace: N/A, Request: N/A, Session: N/A]: [AUDIT] type=authz | user=anonymous | action=orchestrator_query_start | status=success | meta={'query': 'weather forecast'}
[2026-08-16 13:46:34,443] WARNING  in audit_engine [Trace: N/A, Request: N/A, Session: N/A]: [AUDIT] type=authz | user=anonymous | action=execute_agent:Knowledge | status=failure | meta={'reason': 'Unauthorized agent scope'}
[2026-08-16 13:46:35,589] INFO     in audit_engine [Trace: N/A, Request: N/A, Session: N/A]: [AUDIT] type=authz | user=anonymous | action=orchestrator_query_complete | status=success | meta={}
[2026-08-16 13:47:08,944] INFO     in audit_engine [Trace: N/A, Request: N/A, Session: N/A]: [AUDIT] type=authz | user=anonymous | action=orchestrator_query_start | status=success | meta={'query': 'What is the recommended fertilizer for wheat crops'}
[2026-08-16 13:47:08,947] WARNING  in audit_engine [Trace: N/A, Request: N/A, Session: N/A]: [AUDIT] type=authz | user=anonymous | action=execute_agent:Memory | status=failure | meta={'reason': 'Unauthorized agent scope'}
[2026-08-16 13:47:08,951] WARNING  in audit_engine [Trace: N/A, Request: N/A, Session: N/A]: [AUDIT] type=authz | user=anonymous | action=execute_agent:Knowledge | status=failure | meta={'reason': 'Unauthorized agent scope'}
[2026-08-16 13:47:41,925] INFO     in audit_engine [Trace: N/A, Request: N/A, Session: N/A]: [AUDIT] type=authz | user=anonymous | action=orchestrator_query_complete | status=success | meta={}
[2026-08-16 13:47:42,567] INFO     in audit_engine [Trace: N/A, Request: N/A, Session: N/A]: [AUDIT] type=auth | user=admin | action=login_credentials | status=success | meta={'session_id': 'sess_99202d353c13ad3d', 'role': 'Admin'}
[2026-08-16 13:47:43,519] INFO     in audit_engine [Trace: N/A, Request: N/A, Session: N/A]: [AUDIT] type=authz | user=anonymous | action=orchestrator_query_start | status=success | meta={'query': 'Is there subsidy for wheat?'}
[2026-08-16 13:47:43,527] WARNING  in audit_engine [Trace: N/A, Request: N/A, Session: N/A]: [AUDIT] type=authz | user=anonymous | action=execute_agent:Knowledge | status=failure | meta={'reason': 'Unauthorized agent scope'}
[2026-08-16 13:48:16,933] INFO     in audit_engine [Trace: N/A, Request: N/A, Session: N/A]: [AUDIT] type=authz | user=anonymous | action=orchestrator_query_complete | status=success | meta={}
[2026-08-16 13:48:17,226] INFO     in audit_engine [Trace: N/A, Request: N/A, Session: N/A]: [AUDIT] type=authz | user=anonymous | action=orchestrator_query_start | status=success | meta={'query': 'Is there subsidy for wheat?'}
[2026-08-16 13:48:17,234] WARNING  in audit_engine [Trace: N/A, Request: N/A, Session: N/A]: [AUDIT] type=authz | user=anonymous | action=execute_agent:Knowledge | status=failure | meta={'reason': 'Unauthorized agent scope'}
[2026-08-16 13:48:49,357] INFO     in audit_engine [Trace: N/A, Request: N/A, Session: N/A]: [AUDIT] type=authz | user=anonymous | action=orchestrator_query_complete | status=success | meta={}
[2026-08-16 13:48:51,235] INFO     in audit_engine [Trace: N/A, Request: N/A, Session: N/A]: [AUDIT] type=authz | user=anonymous | action=orchestrator_query_start | status=success | meta={'query': 'Is rain expected tomorrow?'}
[2026-08-16 13:48:51,244] WARNING  in audit_engine [Trace: N/A, Request: N/A, Session: N/A]: [AUDIT] type=authz | user=anonymous | action=execute_agent:Knowledge | status=failure | meta={'reason': 'Unauthorized agent scope'}
[2026-08-16 15:14:20,048] INFO     in audit_engine [Trace: N/A, Request: N/A, Session: N/A]: [AUDIT] type=authz | user=anonymous | action=orchestrator_query_start | status=success | meta={'query': 'Should I plant Wheat in Ludhiana next season?'}
[2026-08-16 15:14:20,063] WARNING  in audit_engine [Trace: N/A, Request: N/A, Session: N/A]: [AUDIT] type=authz | user=anonymous | action=execute_agent:Memory | status=failure | meta={'reason': 'Unauthorized agent scope'}
[2026-08-16 15:14:53,311] INFO     in audit_engine [Trace: N/A, Request: N/A, Session: N/A]: [AUDIT] type=authz | user=anonymous | action=orchestrator_query_complete | status=success | meta={}
[2026-08-16 15:14:54,141] INFO     in audit_engine [Trace: N/A, Request: N/A, Session: N/A]: [AUDIT] type=authz | user=anonymous | action=orchestrator_query_start | status=success | meta={'query': 'Market price of wheat?'}
[2026-08-16 15:14:54,146] WARNING  in audit_engine [Trace: N/A, Request: N/A, Session: N/A]: [AUDIT] type=authz | user=anonymous | action=execute_agent:Knowledge | status=failure | meta={'reason': 'Unauthorized agent scope'}
[2026-08-16 15:14:54,301] INFO     in audit_engine [Trace: N/A, Request: N/A, Session: N/A]: [AUDIT] type=authz | user=anonymous | action=orchestrator_query_complete | status=success | meta={}
[2026-08-16 15:14:54,549] INFO     in audit_engine [Trace: N/A, Request: N/A, Session: N/A]: [AUDIT] type=authz | user=anonymous | action=orchestrator_query_start | status=success | meta={'query': 'Market price of wheat?'}
[2026-08-16 15:14:54,555] WARNING  in audit_engine [Trace: N/A, Request: N/A, Session: N/A]: [AUDIT] type=authz | user=anonymous | action=execute_agent:Knowledge | status=failure | meta={'reason': 'Unauthorized agent scope'}
[2026-08-16 15:14:54,711] INFO     in audit_engine [Trace: N/A, Request: N/A, Session: N/A]: [AUDIT] type=authz | user=anonymous | action=orchestrator_query_complete | status=success | meta={}
[2026-08-16 15:14:55,345] INFO     in audit_engine [Trace: N/A, Request: N/A, Session: N/A]: [AUDIT] type=authz | user=anonymous | action=orchestrator_query_start | status=success | meta={'query': 'Explain PM-Kisan scheme and weather risks in Ludhi'}
[2026-08-16 15:14:55,349] WARNING  in audit_engine [Trace: N/A, Request: N/A, Session: N/A]: [AUDIT] type=authz | user=anonymous | action=execute_agent:Knowledge | status=failure | meta={'reason': 'Unauthorized agent scope'}
[2026-08-16 15:15:27,981] INFO     in audit_engine [Trace: N/A, Request: N/A, Session: N/A]: [AUDIT] type=authz | user=anonymous | action=orchestrator_query_complete | status=success | meta={}
[2026-08-16 15:15:29,022] INFO     in audit_engine [Trace: N/A, Request: N/A, Session: N/A]: [AUDIT] type=authz | user=anonymous | action=orchestrator_query_start | status=success | meta={'query': 'What is the price of wheat?'}
[2026-08-16 15:15:29,038] WARNING  in audit_engine [Trace: N/A, Request: N/A, Session: N/A]: [AUDIT] type=authz | user=anonymous | action=execute_agent:Knowledge | status=failure | meta={'reason': 'Unauthorized agent scope'}
[2026-08-16 15:16:01,515] INFO     in audit_engine [Trace: N/A, Request: N/A, Session: N/A]: [AUDIT] type=authz | user=anonymous | action=orchestrator_query_complete | status=success | meta={}
[2026-08-16 15:17:26,707] INFO     in audit_engine [Trace: N/A, Request: N/A, Session: N/A]: [AUDIT] type=authz | user=anonymous | action=orchestrator_query_start | status=success | meta={'query': 'Tell me about the PM-Kisan scheme and who is eligi'}
[2026-08-16 15:17:26,711] WARNING  in audit_engine [Trace: N/A, Request: N/A, Session: N/A]: [AUDIT] type=authz | user=anonymous | action=execute_agent:Knowledge | status=failure | meta={'reason': 'Unauthorized agent scope'}
[2026-08-16 15:17:26,852] INFO     in audit_engine [Trace: N/A, Request: N/A, Session: N/A]: [AUDIT] type=authz | user=anonymous | action=orchestrator_query_complete | status=success | meta={}
[2026-08-16 15:17:28,454] INFO     in audit_engine [Trace: N/A, Request: N/A, Session: N/A]: [AUDIT] type=authz | user=anonymous | action=orchestrator_query_start | status=success | meta={'query': 'Tell me about PM-Kisan scheme.'}
[2026-08-16 15:17:28,454] WARNING  in audit_engine [Trace: N/A, Request: N/A, Session: N/A]: [AUDIT] type=authz | user=anonymous | action=execute_agent:Knowledge | status=failure | meta={'reason': 'Unauthorized agent scope'}
[2026-08-16 15:17:28,618] INFO     in audit_engine [Trace: N/A, Request: N/A, Session: N/A]: [AUDIT] type=authz | user=anonymous | action=orchestrator_query_complete | status=success | meta={}
[2026-08-16 15:17:47,360] INFO     in audit_engine [Trace: N/A, Request: N/A, Session: N/A]: [AUDIT] type=authz | user=anonymous | action=orchestrator_query_start | status=success | meta={'query': 'Advisory for organic wheat fertilization'}
[2026-08-16 15:17:47,363] WARNING  in audit_engine [Trace: N/A, Request: N/A, Session: N/A]: [AUDIT] type=authz | user=anonymous | action=execute_agent:Memory | status=failure | meta={'reason': 'Unauthorized agent scope'}
[2026-08-16 15:17:47,364] WARNING  in audit_engine [Trace: N/A, Request: N/A, Session: N/A]: [AUDIT] type=authz | user=anonymous | action=execute_agent:Knowledge | status=failure | meta={'reason': 'Unauthorized agent scope'}
[2026-08-16 15:18:19,831] INFO     in audit_engine [Trace: N/A, Request: N/A, Session: N/A]: [AUDIT] type=authz | user=anonymous | action=orchestrator_query_complete | status=success | meta={}
[2026-08-16 15:18:20,409] INFO     in audit_engine [Trace: N/A, Request: N/A, Session: N/A]: [AUDIT] type=authz | user=anonymous | action=orchestrator_query_start | status=success | meta={'query': 'What is the nitrogen dose for maize?'}
[2026-08-16 15:18:20,416] WARNING  in audit_engine [Trace: N/A, Request: N/A, Session: N/A]: [AUDIT] type=authz | user=anonymous | action=execute_agent:Memory | status=failure | meta={'reason': 'Unauthorized agent scope'}
[2026-08-16 15:18:20,418] WARNING  in audit_engine [Trace: N/A, Request: N/A, Session: N/A]: [AUDIT] type=authz | user=anonymous | action=execute_agent:Knowledge | status=failure | meta={'reason': 'Unauthorized agent scope'}
[2026-08-16 15:18:52,946] INFO     in audit_engine [Trace: N/A, Request: N/A, Session: N/A]: [AUDIT] type=authz | user=anonymous | action=orchestrator_query_complete | status=success | meta={}
[2026-08-16 15:18:55,378] INFO     in audit_engine [Trace: N/A, Request: N/A, Session: N/A]: [AUDIT] type=authz | user=anonymous | action=orchestrator_query_start | status=success | meta={'query': 'What irrigation advice is recommended for my rice '}
[2026-08-16 15:18:55,384] WARNING  in audit_engine [Trace: N/A, Request: N/A, Session: N/A]: [AUDIT] type=authz | user=anonymous | action=execute_agent:Memory | status=failure | meta={'reason': 'Unauthorized agent scope'}
[2026-08-16 15:18:55,385] WARNING  in audit_engine [Trace: N/A, Request: N/A, Session: N/A]: [AUDIT] type=authz | user=anonymous | action=execute_agent:Knowledge | status=failure | meta={'reason': 'Unauthorized agent scope'}
[2026-08-16 15:18:55,493] INFO     in audit_engine [Trace: N/A, Request: N/A, Session: N/A]: [AUDIT] type=authz | user=anonymous | action=orchestrator_query_complete | status=success | meta={}
[2026-08-16 15:18:56,934] INFO     in audit_engine [Trace: N/A, Request: N/A, Session: N/A]: [AUDIT] type=authz | user=anonymous | action=orchestrator_query_start | status=success | meta={'query': 'What is the current mandi rate for wheat in Punjab'}
[2026-08-16 15:18:56,938] WARNING  in audit_engine [Trace: N/A, Request: N/A, Session: N/A]: [AUDIT] type=authz | user=anonymous | action=execute_agent:Knowledge | status=failure | meta={'reason': 'Unauthorized agent scope'}
[2026-08-16 15:19:29,564] INFO     in audit_engine [Trace: N/A, Request: N/A, Session: N/A]: [AUDIT] type=authz | user=anonymous | action=orchestrator_query_complete | status=success | meta={}
[2026-08-16 15:19:34,595] INFO     in audit_engine [Trace: N/A, Request: N/A, Session: N/A]: [AUDIT] type=authz | user=anonymous | action=orchestrator_query_start | status=success | meta={'query': 'What is the weather forecast for Ludhiana today?'}
[2026-08-16 15:19:34,598] WARNING  in audit_engine [Trace: N/A, Request: N/A, Session: N/A]: [AUDIT] type=authz | user=anonymous | action=execute_agent:Knowledge | status=failure | meta={'reason': 'Unauthorized agent scope'}
[2026-08-16 15:22:21,898] INFO     in audit_engine [Trace: N/A, Request: N/A, Session: N/A]: [AUDIT] type=authz | user=anonymous | action=orchestrator_query_start | status=success | meta={'query': 'Should I plant Wheat in Ludhiana next season?'}
[2026-08-16 15:22:21,902] WARNING  in audit_engine [Trace: N/A, Request: N/A, Session: N/A]: [AUDIT] type=authz | user=anonymous | action=execute_agent:Memory | status=failure | meta={'reason': 'Unauthorized agent scope'}
[2026-08-16 15:22:54,681] INFO     in audit_engine [Trace: N/A, Request: N/A, Session: N/A]: [AUDIT] type=authz | user=anonymous | action=orchestrator_query_complete | status=success | meta={}
[2026-08-16 15:22:55,431] INFO     in audit_engine [Trace: N/A, Request: N/A, Session: N/A]: [AUDIT] type=authz | user=anonymous | action=orchestrator_query_start | status=success | meta={'query': 'Market price of wheat?'}
[2026-08-16 15:22:55,437] WARNING  in audit_engine [Trace: N/A, Request: N/A, Session: N/A]: [AUDIT] type=authz | user=anonymous | action=execute_agent:Knowledge | status=failure | meta={'reason': 'Unauthorized agent scope'}
[2026-08-16 15:22:55,600] INFO     in audit_engine [Trace: N/A, Request: N/A, Session: N/A]: [AUDIT] type=authz | user=anonymous | action=orchestrator_query_complete | status=success | meta={}
[2026-08-16 15:22:55,861] INFO     in audit_engine [Trace: N/A, Request: N/A, Session: N/A]: [AUDIT] type=authz | user=anonymous | action=orchestrator_query_start | status=success | meta={'query': 'Market price of wheat?'}
[2026-08-16 15:22:55,867] WARNING  in audit_engine [Trace: N/A, Request: N/A, Session: N/A]: [AUDIT] type=authz | user=anonymous | action=execute_agent:Knowledge | status=failure | meta={'reason': 'Unauthorized agent scope'}
[2026-08-16 15:22:56,014] INFO     in audit_engine [Trace: N/A, Request: N/A, Session: N/A]: [AUDIT] type=authz | user=anonymous | action=orchestrator_query_complete | status=success | meta={}
[2026-08-16 15:22:56,737] INFO     in audit_engine [Trace: N/A, Request: N/A, Session: N/A]: [AUDIT] type=authz | user=anonymous | action=orchestrator_query_start | status=success | meta={'query': 'Explain PM-Kisan scheme and weather risks in Ludhi'}
[2026-08-16 15:22:56,741] WARNING  in audit_engine [Trace: N/A, Request: N/A, Session: N/A]: [AUDIT] type=authz | user=anonymous | action=execute_agent:Knowledge | status=failure | meta={'reason': 'Unauthorized agent scope'}
[2026-08-16 15:23:29,405] INFO     in audit_engine [Trace: N/A, Request: N/A, Session: N/A]: [AUDIT] type=authz | user=anonymous | action=orchestrator_query_complete | status=success | meta={}
[2026-08-16 15:23:30,326] INFO     in audit_engine [Trace: N/A, Request: N/A, Session: N/A]: [AUDIT] type=authz | user=anonymous | action=orchestrator_query_start | status=success | meta={'query': 'What is the price of wheat?'}
[2026-08-16 15:23:30,329] WARNING  in audit_engine [Trace: N/A, Request: N/A, Session: N/A]: [AUDIT] type=authz | user=anonymous | action=execute_agent:Knowledge | status=failure | meta={'reason': 'Unauthorized agent scope'}
[2026-08-16 15:24:02,792] INFO     in audit_engine [Trace: N/A, Request: N/A, Session: N/A]: [AUDIT] type=authz | user=anonymous | action=orchestrator_query_complete | status=success | meta={}
[2026-08-16 15:25:23,285] INFO     in audit_engine [Trace: N/A, Request: N/A, Session: N/A]: [AUDIT] type=authz | user=anonymous | action=orchestrator_query_start | status=success | meta={'query': 'Tell me about the PM-Kisan scheme and who is eligi'}
[2026-08-16 15:25:23,290] WARNING  in audit_engine [Trace: N/A, Request: N/A, Session: N/A]: [AUDIT] type=authz | user=anonymous | action=execute_agent:Knowledge | status=failure | meta={'reason': 'Unauthorized agent scope'}
[2026-08-16 15:25:23,412] INFO     in audit_engine [Trace: N/A, Request: N/A, Session: N/A]: [AUDIT] type=authz | user=anonymous | action=orchestrator_query_complete | status=success | meta={}
[2026-08-16 15:25:24,995] INFO     in audit_engine [Trace: N/A, Request: N/A, Session: N/A]: [AUDIT] type=authz | user=anonymous | action=orchestrator_query_start | status=success | meta={'query': 'Tell me about PM-Kisan scheme.'}
[2026-08-16 15:25:24,999] WARNING  in audit_engine [Trace: N/A, Request: N/A, Session: N/A]: [AUDIT] type=authz | user=anonymous | action=execute_agent:Knowledge | status=failure | meta={'reason': 'Unauthorized agent scope'}
[2026-08-16 15:25:25,144] INFO     in audit_engine [Trace: N/A, Request: N/A, Session: N/A]: [AUDIT] type=authz | user=anonymous | action=orchestrator_query_complete | status=success | meta={}
[2026-08-16 15:25:43,825] INFO     in audit_engine [Trace: N/A, Request: N/A, Session: N/A]: [AUDIT] type=authz | user=anonymous | action=orchestrator_query_start | status=success | meta={'query': 'Advisory for organic wheat fertilization'}
[2026-08-16 15:25:43,829] WARNING  in audit_engine [Trace: N/A, Request: N/A, Session: N/A]: [AUDIT] type=authz | user=anonymous | action=execute_agent:Memory | status=failure | meta={'reason': 'Unauthorized agent scope'}
[2026-08-16 15:25:43,830] WARNING  in audit_engine [Trace: N/A, Request: N/A, Session: N/A]: [AUDIT] type=authz | user=anonymous | action=execute_agent:Knowledge | status=failure | meta={'reason': 'Unauthorized agent scope'}
[2026-08-16 15:26:16,272] INFO     in audit_engine [Trace: N/A, Request: N/A, Session: N/A]: [AUDIT] type=authz | user=anonymous | action=orchestrator_query_complete | status=success | meta={}
[2026-08-16 15:26:17,025] INFO     in audit_engine [Trace: N/A, Request: N/A, Session: N/A]: [AUDIT] type=authz | user=anonymous | action=orchestrator_query_start | status=success | meta={'query': 'What is the nitrogen dose for maize?'}
[2026-08-16 15:26:17,029] WARNING  in audit_engine [Trace: N/A, Request: N/A, Session: N/A]: [AUDIT] type=authz | user=anonymous | action=execute_agent:Memory | status=failure | meta={'reason': 'Unauthorized agent scope'}
[2026-08-16 15:26:17,031] WARNING  in audit_engine [Trace: N/A, Request: N/A, Session: N/A]: [AUDIT] type=authz | user=anonymous | action=execute_agent:Knowledge | status=failure | meta={'reason': 'Unauthorized agent scope'}
[2026-08-16 15:26:49,508] INFO     in audit_engine [Trace: N/A, Request: N/A, Session: N/A]: [AUDIT] type=authz | user=anonymous | action=orchestrator_query_complete | status=success | meta={}
[2026-08-16 15:26:52,233] INFO     in audit_engine [Trace: N/A, Request: N/A, Session: N/A]: [AUDIT] type=authz | user=anonymous | action=orchestrator_query_start | status=success | meta={'query': 'What irrigation advice is recommended for my rice '}
[2026-08-16 15:26:52,237] WARNING  in audit_engine [Trace: N/A, Request: N/A, Session: N/A]: [AUDIT] type=authz | user=anonymous | action=execute_agent:Memory | status=failure | meta={'reason': 'Unauthorized agent scope'}
[2026-08-16 15:26:52,239] WARNING  in audit_engine [Trace: N/A, Request: N/A, Session: N/A]: [AUDIT] type=authz | user=anonymous | action=execute_agent:Knowledge | status=failure | meta={'reason': 'Unauthorized agent scope'}
[2026-08-16 15:26:52,391] INFO     in audit_engine [Trace: N/A, Request: N/A, Session: N/A]: [AUDIT] type=authz | user=anonymous | action=orchestrator_query_complete | status=success | meta={}
[2026-08-16 15:26:53,946] INFO     in audit_engine [Trace: N/A, Request: N/A, Session: N/A]: [AUDIT] type=authz | user=anonymous | action=orchestrator_query_start | status=success | meta={'query': 'What is the current mandi rate for wheat in Punjab'}
[2026-08-16 15:26:53,950] WARNING  in audit_engine [Trace: N/A, Request: N/A, Session: N/A]: [AUDIT] type=authz | user=anonymous | action=execute_agent:Knowledge | status=failure | meta={'reason': 'Unauthorized agent scope'}
[2026-08-16 15:27:26,640] INFO     in audit_engine [Trace: N/A, Request: N/A, Session: N/A]: [AUDIT] type=authz | user=anonymous | action=orchestrator_query_complete | status=success | meta={}
[2026-08-16 15:27:31,834] INFO     in audit_engine [Trace: N/A, Request: N/A, Session: N/A]: [AUDIT] type=authz | user=anonymous | action=orchestrator_query_start | status=success | meta={'query': 'What is the weather forecast for Ludhiana today?'}
[2026-08-16 15:27:31,839] WARNING  in audit_engine [Trace: N/A, Request: N/A, Session: N/A]: [AUDIT] type=authz | user=anonymous | action=execute_agent:Knowledge | status=failure | meta={'reason': 'Unauthorized agent scope'}
[2026-08-16 15:28:04,304] INFO     in audit_engine [Trace: N/A, Request: N/A, Session: N/A]: [AUDIT] type=authz | user=anonymous | action=orchestrator_query_complete | status=success | meta={}
[2026-08-16 15:28:09,516] INFO     in audit_engine [Trace: N/A, Request: N/A, Session: N/A]: [AUDIT] type=authz | user=anonymous | action=orchestrator_query_start | status=success | meta={'query': 'My wheat crop has yellow rust spots, what should I'}
[2026-08-16 15:28:09,520] WARNING  in audit_engine [Trace: N/A, Request: N/A, Session: N/A]: [AUDIT] type=authz | user=anonymous | action=execute_agent:Knowledge | status=failure | meta={'reason': 'Unauthorized agent scope'}
[2026-08-16 15:28:41,901] INFO     in audit_engine [Trace: N/A, Request: N/A, Session: N/A]: [AUDIT] type=authz | user=anonymous | action=orchestrator_query_complete | status=success | meta={}
[2026-08-16 15:29:01,504] INFO     in audit_engine [Trace: N/A, Request: N/A, Session: N/A]: [AUDIT] type=authz | user=anonymous | action=orchestrator_query_start | status=success | meta={'query': 'How is the mandi price of wheat today?'}
[2026-08-16 15:29:01,508] WARNING  in audit_engine [Trace: N/A, Request: N/A, Session: N/A]: [AUDIT] type=authz | user=anonymous | action=execute_agent:Knowledge | status=failure | meta={'reason': 'Unauthorized agent scope'}
[2026-08-16 15:29:01,693] INFO     in audit_engine [Trace: N/A, Request: N/A, Session: N/A]: [AUDIT] type=authz | user=anonymous | action=orchestrator_query_complete | status=success | meta={}
[2026-08-16 15:29:02,556] INFO     in audit_engine [Trace: N/A, Request: N/A, Session: N/A]: [AUDIT] type=authz | user=anonymous | action=orchestrator_query_start | status=success | meta={'query': 'what is the price of wheat in Ludhiana today'}
[2026-08-16 15:29:02,560] WARNING  in audit_engine [Trace: N/A, Request: N/A, Session: N/A]: [AUDIT] type=authz | user=anonymous | action=execute_agent:Knowledge | status=failure | meta={'reason': 'Unauthorized agent scope'}
[2026-08-16 15:29:02,695] INFO     in audit_engine [Trace: N/A, Request: N/A, Session: N/A]: [AUDIT] type=authz | user=anonymous | action=orchestrator_query_complete | status=success | meta={}
[2026-08-16 15:29:02,696] INFO     in audit_engine [Trace: N/A, Request: N/A, Session: N/A]: [AUDIT] type=authz | user=anonymous | action=orchestrator_query_start | status=success | meta={'query': 'am I eligible for PM Kisan scheme'}
[2026-08-16 15:29:02,700] WARNING  in audit_engine [Trace: N/A, Request: N/A, Session: N/A]: [AUDIT] type=authz | user=anonymous | action=execute_agent:Knowledge | status=failure | meta={'reason': 'Unauthorized agent scope'}
[2026-08-16 15:29:02,837] INFO     in audit_engine [Trace: N/A, Request: N/A, Session: N/A]: [AUDIT] type=authz | user=anonymous | action=orchestrator_query_complete | status=success | meta={}
[2026-08-16 15:29:02,838] INFO     in audit_engine [Trace: N/A, Request: N/A, Session: N/A]: [AUDIT] type=authz | user=anonymous | action=orchestrator_query_start | status=success | meta={'query': 'what is the agronomic guide for wheat sowing depth'}
[2026-08-16 15:29:02,841] WARNING  in audit_engine [Trace: N/A, Request: N/A, Session: N/A]: [AUDIT] type=authz | user=anonymous | action=execute_agent:Memory | status=failure | meta={'reason': 'Unauthorized agent scope'}
[2026-08-16 15:29:02,844] WARNING  in audit_engine [Trace: N/A, Request: N/A, Session: N/A]: [AUDIT] type=authz | user=anonymous | action=execute_agent:Knowledge | status=failure | meta={'reason': 'Unauthorized agent scope'}
[2026-08-16 15:29:02,981] INFO     in audit_engine [Trace: N/A, Request: N/A, Session: N/A]: [AUDIT] type=authz | user=anonymous | action=orchestrator_query_complete | status=success | meta={}
[2026-08-16 15:29:02,982] INFO     in audit_engine [Trace: N/A, Request: N/A, Session: N/A]: [AUDIT] type=authz | user=anonymous | action=orchestrator_query_start | status=success | meta={'query': 'what fertilizer dose should I use for wheat'}
[2026-08-16 15:29:02,987] WARNING  in audit_engine [Trace: N/A, Request: N/A, Session: N/A]: [AUDIT] type=authz | user=anonymous | action=execute_agent:Memory | status=failure | meta={'reason': 'Unauthorized agent scope'}
[2026-08-16 15:29:02,988] WARNING  in audit_engine [Trace: N/A, Request: N/A, Session: N/A]: [AUDIT] type=authz | user=anonymous | action=execute_agent:Knowledge | status=failure | meta={'reason': 'Unauthorized agent scope'}
[2026-08-16 15:29:03,124] INFO     in audit_engine [Trace: N/A, Request: N/A, Session: N/A]: [AUDIT] type=authz | user=anonymous | action=orchestrator_query_complete | status=success | meta={}
[2026-08-16 15:29:03,125] INFO     in audit_engine [Trace: N/A, Request: N/A, Session: N/A]: [AUDIT] type=authz | user=anonymous | action=orchestrator_query_start | status=success | meta={'query': 'It is raining in Ludhiana and my wheat has yellow '}
[2026-08-16 15:29:03,131] WARNING  in audit_engine [Trace: N/A, Request: N/A, Session: N/A]: [AUDIT] type=authz | user=anonymous | action=execute_agent:Knowledge | status=failure | meta={'reason': 'Unauthorized agent scope'}
[2026-08-16 15:29:35,897] INFO     in audit_engine [Trace: N/A, Request: N/A, Session: N/A]: [AUDIT] type=authz | user=anonymous | action=orchestrator_query_complete | status=success | meta={}
[2026-08-16 15:29:35,898] INFO     in audit_engine [Trace: N/A, Request: N/A, Session: N/A]: [AUDIT] type=authz | user=anonymous | action=orchestrator_query_start | status=success | meta={'query': "what's the mandi rate for wheat in Ludhiana"}
[2026-08-16 15:29:35,913] WARNING  in audit_engine [Trace: N/A, Request: N/A, Session: N/A]: [AUDIT] type=authz | user=anonymous | action=execute_agent:Knowledge | status=failure | meta={'reason': 'Unauthorized agent scope'}
[2026-08-16 15:29:36,246] INFO     in audit_engine [Trace: N/A, Request: N/A, Session: N/A]: [AUDIT] type=authz | user=anonymous | action=orchestrator_query_complete | status=success | meta={}
[2026-08-16 15:29:36,248] INFO     in audit_engine [Trace: N/A, Request: N/A, Session: N/A]: [AUDIT] type=authz | user=anonymous | action=orchestrator_query_start | status=success | meta={'query': 'how much money do farmers get under PM-Kisan schem'}
[2026-08-16 15:29:36,261] WARNING  in audit_engine [Trace: N/A, Request: N/A, Session: N/A]: [AUDIT] type=authz | user=anonymous | action=execute_agent:Knowledge | status=failure | meta={'reason': 'Unauthorized agent scope'}
[2026-08-16 15:29:36,479] INFO     in audit_engine [Trace: N/A, Request: N/A, Session: N/A]: [AUDIT] type=authz | user=anonymous | action=orchestrator_query_complete | status=success | meta={}
[2026-08-16 15:29:36,480] INFO     in audit_engine [Trace: N/A, Request: N/A, Session: N/A]: [AUDIT] type=authz | user=anonymous | action=orchestrator_query_start | status=success | meta={'query': 'at what depth should I sow wheat seeds'}
[2026-08-16 15:29:36,486] WARNING  in audit_engine [Trace: N/A, Request: N/A, Session: N/A]: [AUDIT] type=authz | user=anonymous | action=execute_agent:Memory | status=failure | meta={'reason': 'Unauthorized agent scope'}
[2026-08-16 15:29:36,488] WARNING  in audit_engine [Trace: N/A, Request: N/A, Session: N/A]: [AUDIT] type=authz | user=anonymous | action=execute_agent:Knowledge | status=failure | meta={'reason': 'Unauthorized agent scope'}
[2026-08-16 15:29:36,649] INFO     in audit_engine [Trace: N/A, Request: N/A, Session: N/A]: [AUDIT] type=authz | user=anonymous | action=orchestrator_query_complete | status=success | meta={}
[2026-08-16 15:29:36,650] INFO     in audit_engine [Trace: N/A, Request: N/A, Session: N/A]: [AUDIT] type=authz | user=anonymous | action=orchestrator_query_start | status=success | meta={'query': 'how much fertilizer split for wheat crop'}
[2026-08-16 15:29:36,654] WARNING  in audit_engine [Trace: N/A, Request: N/A, Session: N/A]: [AUDIT] type=authz | user=anonymous | action=execute_agent:Memory | status=failure | meta={'reason': 'Unauthorized agent scope'}
[2026-08-16 15:29:36,656] WARNING  in audit_engine [Trace: N/A, Request: N/A, Session: N/A]: [AUDIT] type=authz | user=anonymous | action=execute_agent:Knowledge | status=failure | meta={'reason': 'Unauthorized agent scope'}
[2026-08-16 15:29:36,830] INFO     in audit_engine [Trace: N/A, Request: N/A, Session: N/A]: [AUDIT] type=authz | user=anonymous | action=orchestrator_query_complete | status=success | meta={}
[2026-08-16 15:29:36,831] INFO     in audit_engine [Trace: N/A, Request: N/A, Session: N/A]: [AUDIT] type=authz | user=anonymous | action=orchestrator_query_start | status=success | meta={'query': 'Heavy rain and yellow rust spots on wheat crop, wh'}
[2026-08-16 15:29:36,838] WARNING  in audit_engine [Trace: N/A, Request: N/A, Session: N/A]: [AUDIT] type=authz | user=anonymous | action=execute_agent:Knowledge | status=failure | meta={'reason': 'Unauthorized agent scope'}
[2026-08-16 15:30:09,225] INFO     in audit_engine [Trace: N/A, Request: N/A, Session: N/A]: [AUDIT] type=authz | user=anonymous | action=orchestrator_query_complete | status=success | meta={}
[2026-08-16 15:30:09,276] INFO     in audit_engine [Trace: N/A, Request: N/A, Session: N/A]: [AUDIT] type=auth | user=admin | action=login | status=success | meta={'ip': '127.0.0.1'}
[2026-08-16 15:30:09,277] WARNING  in audit_engine [Trace: N/A, Request: N/A, Session: N/A]: [AUDIT] type=authz | user=farmer_ramesh | action=execute_agent:VerifierAgent | status=failure | meta={'reason': 'role'}
[2026-08-16 15:30:09,522] INFO     in audit_engine [Trace: N/A, Request: N/A, Session: N/A]: [AUDIT] type=auth | user=admin | action=login_credentials | status=success | meta={'session_id': 'sess_d728827c8af5c507', 'role': 'Admin'}
[2026-08-16 15:30:09,534] INFO     in audit_engine [Trace: N/A, Request: N/A, Session: N/A]: [AUDIT] type=auth | user=admin | action=token_refresh | status=success | meta={'session_id': 'sess_d728827c8af5c507'}
[2026-08-16 15:30:09,541] INFO     in audit_engine [Trace: N/A, Request: N/A, Session: N/A]: [AUDIT] type=auth | user=admin | action=logout | status=success | meta={}
[2026-08-16 15:30:09,545] WARNING  in audit_engine [Trace: N/A, Request: N/A, Session: N/A]: [AUDIT] type=auth | user=admin | action=verify_session | status=failure | meta={'reason': 'Session expired or inactive'}
[2026-08-16 15:30:09,545] WARNING  in audit_engine [Trace: N/A, Request: N/A, Session: N/A]: [AUDIT] type=auth | user=anonymous | action=verify_token | status=failure | meta={'error': 'Session expired or timed out', 'token': 'eyJhbGciOiAiSFM...'}
[2026-08-16 15:30:09,645] WARNING  in audit_engine [Trace: N/A, Request: N/A, Session: N/A]: [AUDIT] type=auth | user=anonymous | action=verify_token | status=failure | meta={'error': 'Malformed token structure', 'token': 'invalid_token...'}
[2026-08-16 15:30:09,646] WARNING  in audit_engine [Trace: N/A, Request: N/A, Session: N/A]: [AUDIT] type=authz | user=anonymous | action=websocket_handshake | status=failure | meta={'reason': 'Invalid token: Invalid token: Malformed token structure'}
[2026-08-16 15:30:09,648] INFO     in audit_engine [Trace: N/A, Request: N/A, Session: N/A]: [AUDIT] type=authz | user=anonymous | action=websocket_handshake | status=success | meta={'warning': 'Unauthenticated connection accepted for backward compatibility'}
[2026-08-16 15:30:43,429] INFO     in audit_engine [Trace: N/A, Request: N/A, Session: N/A]: [AUDIT] type=authz | user=anonymous | action=orchestrator_query_start | status=success | meta={'query': 'weather forecast'}
[2026-08-16 15:30:43,438] WARNING  in audit_engine [Trace: N/A, Request: N/A, Session: N/A]: [AUDIT] type=authz | user=anonymous | action=execute_agent:Knowledge | status=failure | meta={'reason': 'Unauthorized agent scope'}
[2026-08-16 15:30:44,339] INFO     in audit_engine [Trace: N/A, Request: N/A, Session: N/A]: [AUDIT] type=authz | user=anonymous | action=orchestrator_query_complete | status=success | meta={}
[2026-08-16 15:31:17,392] INFO     in audit_engine [Trace: N/A, Request: N/A, Session: N/A]: [AUDIT] type=authz | user=anonymous | action=orchestrator_query_start | status=success | meta={'query': 'What is the recommended fertilizer for wheat crops'}
[2026-08-16 15:31:17,399] WARNING  in audit_engine [Trace: N/A, Request: N/A, Session: N/A]: [AUDIT] type=authz | user=anonymous | action=execute_agent:Memory | status=failure | meta={'reason': 'Unauthorized agent scope'}
[2026-08-16 15:31:17,400] WARNING  in audit_engine [Trace: N/A, Request: N/A, Session: N/A]: [AUDIT] type=authz | user=anonymous | action=execute_agent:Knowledge | status=failure | meta={'reason': 'Unauthorized agent scope'}
[2026-08-16 15:31:50,302] INFO     in audit_engine [Trace: N/A, Request: N/A, Session: N/A]: [AUDIT] type=authz | user=anonymous | action=orchestrator_query_complete | status=success | meta={}
[2026-08-16 15:31:50,718] INFO     in audit_engine [Trace: N/A, Request: N/A, Session: N/A]: [AUDIT] type=auth | user=admin | action=login_credentials | status=success | meta={'session_id': 'sess_80dbbba37e26b7fd', 'role': 'Admin'}
[2026-08-16 15:31:51,224] INFO     in audit_engine [Trace: N/A, Request: N/A, Session: N/A]: [AUDIT] type=authz | user=anonymous | action=orchestrator_query_start | status=success | meta={'query': 'Is there subsidy for wheat?'}
[2026-08-16 15:31:51,229] WARNING  in audit_engine [Trace: N/A, Request: N/A, Session: N/A]: [AUDIT] type=authz | user=anonymous | action=execute_agent:Knowledge | status=failure | meta={'reason': 'Unauthorized agent scope'}
[2026-08-16 15:32:23,821] INFO     in audit_engine [Trace: N/A, Request: N/A, Session: N/A]: [AUDIT] type=authz | user=anonymous | action=orchestrator_query_complete | status=success | meta={}
[2026-08-16 15:32:24,181] INFO     in audit_engine [Trace: N/A, Request: N/A, Session: N/A]: [AUDIT] type=authz | user=anonymous | action=orchestrator_query_start | status=success | meta={'query': 'Is there subsidy for wheat?'}
[2026-08-16 15:32:24,189] WARNING  in audit_engine [Trace: N/A, Request: N/A, Session: N/A]: [AUDIT] type=authz | user=anonymous | action=execute_agent:Knowledge | status=failure | meta={'reason': 'Unauthorized agent scope'}
[2026-08-16 15:32:56,228] INFO     in audit_engine [Trace: N/A, Request: N/A, Session: N/A]: [AUDIT] type=authz | user=anonymous | action=orchestrator_query_complete | status=success | meta={}
[2026-08-16 15:32:57,536] INFO     in audit_engine [Trace: N/A, Request: N/A, Session: N/A]: [AUDIT] type=authz | user=anonymous | action=orchestrator_query_start | status=success | meta={'query': 'Is rain expected tomorrow?'}
[2026-08-16 15:32:57,538] WARNING  in audit_engine [Trace: N/A, Request: N/A, Session: N/A]: [AUDIT] type=authz | user=anonymous | action=execute_agent:Knowledge | status=failure | meta={'reason': 'Unauthorized agent scope'}
[2026-08-17 07:16:21,961] INFO     in audit_engine [Trace: N/A, Request: N/A, Session: N/A]: [AUDIT] type=authz | user=anonymous | action=orchestrator_query_start | status=success | meta={'query': 'Should I plant Wheat in Ludhiana next season?'}
[2026-08-17 07:16:21,977] WARNING  in audit_engine [Trace: N/A, Request: N/A, Session: N/A]: [AUDIT] type=authz | user=anonymous | action=execute_agent:Memory | status=failure | meta={'reason': 'Unauthorized agent scope'}
[2026-08-17 07:16:27,255] INFO     in audit_engine [Trace: N/A, Request: N/A, Session: N/A]: [AUDIT] type=authz | user=anonymous | action=orchestrator_query_complete | status=success | meta={}
[2026-08-17 07:16:28,489] INFO     in audit_engine [Trace: N/A, Request: N/A, Session: N/A]: [AUDIT] type=authz | user=anonymous | action=orchestrator_query_start | status=success | meta={'query': 'Market price of wheat?'}
[2026-08-17 07:16:28,490] WARNING  in audit_engine [Trace: N/A, Request: N/A, Session: N/A]: [AUDIT] type=authz | user=anonymous | action=execute_agent:Knowledge | status=failure | meta={'reason': 'Unauthorized agent scope'}
[2026-08-17 07:16:29,034] INFO     in audit_engine [Trace: N/A, Request: N/A, Session: N/A]: [AUDIT] type=authz | user=anonymous | action=orchestrator_query_complete | status=success | meta={}
[2026-08-17 07:16:29,675] INFO     in audit_engine [Trace: N/A, Request: N/A, Session: N/A]: [AUDIT] type=authz | user=anonymous | action=orchestrator_query_start | status=success | meta={'query': 'Market price of wheat?'}
[2026-08-17 07:16:29,688] WARNING  in audit_engine [Trace: N/A, Request: N/A, Session: N/A]: [AUDIT] type=authz | user=anonymous | action=execute_agent:Knowledge | status=failure | meta={'reason': 'Unauthorized agent scope'}
[2026-08-17 07:16:32,018] INFO     in audit_engine [Trace: N/A, Request: N/A, Session: N/A]: [AUDIT] type=authz | user=anonymous | action=orchestrator_query_start | status=success | meta={'query': 'Explain PM-Kisan scheme and weather risks in Ludhi'}
[2026-08-17 07:16:32,022] WARNING  in audit_engine [Trace: N/A, Request: N/A, Session: N/A]: [AUDIT] type=authz | user=anonymous | action=execute_agent:Knowledge | status=failure | meta={'reason': 'Unauthorized agent scope'}
[2026-08-17 07:16:36,699] INFO     in audit_engine [Trace: N/A, Request: N/A, Session: N/A]: [AUDIT] type=authz | user=anonymous | action=orchestrator_query_complete | status=success | meta={}
[2026-08-17 07:16:38,830] INFO     in audit_engine [Trace: N/A, Request: N/A, Session: N/A]: [AUDIT] type=authz | user=anonymous | action=orchestrator_query_start | status=success | meta={'query': 'What is the price of wheat?'}
[2026-08-17 07:16:38,846] WARNING  in audit_engine [Trace: N/A, Request: N/A, Session: N/A]: [AUDIT] type=authz | user=anonymous | action=execute_agent:Knowledge | status=failure | meta={'reason': 'Unauthorized agent scope'}
[2026-08-17 07:16:43,633] INFO     in audit_engine [Trace: N/A, Request: N/A, Session: N/A]: [AUDIT] type=authz | user=anonymous | action=orchestrator_query_complete | status=success | meta={}
[2026-08-17 07:17:15,767] INFO     in audit_engine [Trace: N/A, Request: N/A, Session: N/A]: [AUDIT] type=authz | user=anonymous | action=orchestrator_query_start | status=success | meta={'query': 'Tell me about the PM-Kisan scheme and who is eligi'}
[2026-08-17 07:17:15,770] WARNING  in audit_engine [Trace: N/A, Request: N/A, Session: N/A]: [AUDIT] type=authz | user=anonymous | action=execute_agent:Knowledge | status=failure | meta={'reason': 'Unauthorized agent scope'}
[2026-08-17 07:17:15,990] INFO     in audit_engine [Trace: N/A, Request: N/A, Session: N/A]: [AUDIT] type=authz | user=anonymous | action=orchestrator_query_complete | status=success | meta={}
[2026-08-17 07:17:18,399] INFO     in audit_engine [Trace: N/A, Request: N/A, Session: N/A]: [AUDIT] type=authz | user=anonymous | action=orchestrator_query_start | status=success | meta={'query': 'Tell me about PM-Kisan scheme.'}
[2026-08-17 07:17:18,414] WARNING  in audit_engine [Trace: N/A, Request: N/A, Session: N/A]: [AUDIT] type=authz | user=anonymous | action=execute_agent:Knowledge | status=failure | meta={'reason': 'Unauthorized agent scope'}
[2026-08-17 07:17:18,746] INFO     in audit_engine [Trace: N/A, Request: N/A, Session: N/A]: [AUDIT] type=authz | user=anonymous | action=orchestrator_query_complete | status=success | meta={}
[2026-08-17 07:17:38,462] INFO     in audit_engine [Trace: N/A, Request: N/A, Session: N/A]: [AUDIT] type=authz | user=anonymous | action=orchestrator_query_start | status=success | meta={'query': 'Advisory for organic wheat fertilization'}
[2026-08-17 07:17:38,471] WARNING  in audit_engine [Trace: N/A, Request: N/A, Session: N/A]: [AUDIT] type=authz | user=anonymous | action=execute_agent:Memory | status=failure | meta={'reason': 'Unauthorized agent scope'}
[2026-08-17 07:17:38,471] WARNING  in audit_engine [Trace: N/A, Request: N/A, Session: N/A]: [AUDIT] type=authz | user=anonymous | action=execute_agent:Knowledge | status=failure | meta={'reason': 'Unauthorized agent scope'}
[2026-08-17 07:17:42,054] INFO     in audit_engine [Trace: N/A, Request: N/A, Session: N/A]: [AUDIT] type=authz | user=anonymous | action=orchestrator_query_complete | status=success | meta={}
[2026-08-17 07:17:42,778] INFO     in audit_engine [Trace: N/A, Request: N/A, Session: N/A]: [AUDIT] type=authz | user=anonymous | action=orchestrator_query_start | status=success | meta={'query': 'What is the nitrogen dose for maize?'}
[2026-08-17 07:17:42,779] WARNING  in audit_engine [Trace: N/A, Request: N/A, Session: N/A]: [AUDIT] type=authz | user=anonymous | action=execute_agent:Memory | status=failure | meta={'reason': 'Unauthorized agent scope'}
[2026-08-17 07:17:42,787] WARNING  in audit_engine [Trace: N/A, Request: N/A, Session: N/A]: [AUDIT] type=authz | user=anonymous | action=execute_agent:Knowledge | status=failure | meta={'reason': 'Unauthorized agent scope'}
[2026-08-17 07:17:46,636] INFO     in audit_engine [Trace: N/A, Request: N/A, Session: N/A]: [AUDIT] type=authz | user=anonymous | action=orchestrator_query_complete | status=success | meta={}
[2026-08-17 07:17:52,026] INFO     in audit_engine [Trace: N/A, Request: N/A, Session: N/A]: [AUDIT] type=authz | user=anonymous | action=orchestrator_query_start | status=success | meta={'query': 'What irrigation advice is recommended for my rice '}
[2026-08-17 07:17:52,029] WARNING  in audit_engine [Trace: N/A, Request: N/A, Session: N/A]: [AUDIT] type=authz | user=anonymous | action=execute_agent:Memory | status=failure | meta={'reason': 'Unauthorized agent scope'}
[2026-08-17 07:17:52,029] WARNING  in audit_engine [Trace: N/A, Request: N/A, Session: N/A]: [AUDIT] type=authz | user=anonymous | action=execute_agent:Knowledge | status=failure | meta={'reason': 'Unauthorized agent scope'}
[2026-08-17 07:17:52,334] INFO     in audit_engine [Trace: N/A, Request: N/A, Session: N/A]: [AUDIT] type=authz | user=anonymous | action=orchestrator_query_complete | status=success | meta={}
[2026-08-17 07:17:54,430] INFO     in audit_engine [Trace: N/A, Request: N/A, Session: N/A]: [AUDIT] type=authz | user=anonymous | action=orchestrator_query_start | status=success | meta={'query': 'What is the current mandi rate for wheat in Punjab'}
[2026-08-17 07:17:54,434] WARNING  in audit_engine [Trace: N/A, Request: N/A, Session: N/A]: [AUDIT] type=authz | user=anonymous | action=execute_agent:Knowledge | status=failure | meta={'reason': 'Unauthorized agent scope'}
[2026-08-17 07:17:58,655] INFO     in audit_engine [Trace: N/A, Request: N/A, Session: N/A]: [AUDIT] type=authz | user=anonymous | action=orchestrator_query_complete | status=success | meta={}
[2026-08-17 07:18:04,389] INFO     in audit_engine [Trace: N/A, Request: N/A, Session: N/A]: [AUDIT] type=authz | user=anonymous | action=orchestrator_query_start | status=success | meta={'query': 'What is the weather forecast for Ludhiana today?'}
[2026-08-17 07:18:04,389] WARNING  in audit_engine [Trace: N/A, Request: N/A, Session: N/A]: [AUDIT] type=authz | user=anonymous | action=execute_agent:Knowledge | status=failure | meta={'reason': 'Unauthorized agent scope'}
[2026-08-17 07:18:07,803] INFO     in audit_engine [Trace: N/A, Request: N/A, Session: N/A]: [AUDIT] type=authz | user=anonymous | action=orchestrator_query_complete | status=success | meta={}
[2026-08-17 07:18:13,679] INFO     in audit_engine [Trace: N/A, Request: N/A, Session: N/A]: [AUDIT] type=authz | user=anonymous | action=orchestrator_query_start | status=success | meta={'query': 'My wheat crop has yellow rust spots, what should I'}
[2026-08-17 07:18:13,699] WARNING  in audit_engine [Trace: N/A, Request: N/A, Session: N/A]: [AUDIT] type=authz | user=anonymous | action=execute_agent:Knowledge | status=failure | meta={'reason': 'Unauthorized agent scope'}
[2026-08-17 07:18:17,146] INFO     in audit_engine [Trace: N/A, Request: N/A, Session: N/A]: [AUDIT] type=authz | user=anonymous | action=orchestrator_query_complete | status=success | meta={}
[2026-08-17 07:18:39,649] INFO     in audit_engine [Trace: N/A, Request: N/A, Session: N/A]: [AUDIT] type=authz | user=anonymous | action=orchestrator_query_start | status=success | meta={'query': 'How is the mandi price of wheat today?'}
[2026-08-17 07:18:39,657] WARNING  in audit_engine [Trace: N/A, Request: N/A, Session: N/A]: [AUDIT] type=authz | user=anonymous | action=execute_agent:Knowledge | status=failure | meta={'reason': 'Unauthorized agent scope'}
[2026-08-17 07:18:40,492] INFO     in audit_engine [Trace: N/A, Request: N/A, Session: N/A]: [AUDIT] type=authz | user=anonymous | action=orchestrator_query_complete | status=success | meta={}
[2026-08-17 07:18:43,054] INFO     in audit_engine [Trace: N/A, Request: N/A, Session: N/A]: [AUDIT] type=authz | user=anonymous | action=orchestrator_query_start | status=success | meta={'query': 'what is the price of wheat in Ludhiana today'}
[2026-08-17 07:18:43,069] WARNING  in audit_engine [Trace: N/A, Request: N/A, Session: N/A]: [AUDIT] type=authz | user=anonymous | action=execute_agent:Knowledge | status=failure | meta={'reason': 'Unauthorized agent scope'}
[2026-08-17 07:18:43,607] INFO     in audit_engine [Trace: N/A, Request: N/A, Session: N/A]: [AUDIT] type=authz | user=anonymous | action=orchestrator_query_complete | status=success | meta={}
[2026-08-17 07:18:43,609] INFO     in audit_engine [Trace: N/A, Request: N/A, Session: N/A]: [AUDIT] type=authz | user=anonymous | action=orchestrator_query_start | status=success | meta={'query': 'am I eligible for PM Kisan scheme'}
[2026-08-17 07:18:43,620] WARNING  in audit_engine [Trace: N/A, Request: N/A, Session: N/A]: [AUDIT] type=authz | user=anonymous | action=execute_agent:Knowledge | status=failure | meta={'reason': 'Unauthorized agent scope'}
[2026-08-17 07:18:44,244] INFO     in audit_engine [Trace: N/A, Request: N/A, Session: N/A]: [AUDIT] type=authz | user=anonymous | action=orchestrator_query_complete | status=success | meta={}
[2026-08-17 07:18:44,247] INFO     in audit_engine [Trace: N/A, Request: N/A, Session: N/A]: [AUDIT] type=authz | user=anonymous | action=orchestrator_query_start | status=success | meta={'query': 'what is the agronomic guide for wheat sowing depth'}
[2026-08-17 07:18:44,261] WARNING  in audit_engine [Trace: N/A, Request: N/A, Session: N/A]: [AUDIT] type=authz | user=anonymous | action=execute_agent:Memory | status=failure | meta={'reason': 'Unauthorized agent scope'}
[2026-08-17 07:18:44,265] WARNING  in audit_engine [Trace: N/A, Request: N/A, Session: N/A]: [AUDIT] type=authz | user=anonymous | action=execute_agent:Knowledge | status=failure | meta={'reason': 'Unauthorized agent scope'}
[2026-08-17 07:18:44,860] INFO     in audit_engine [Trace: N/A, Request: N/A, Session: N/A]: [AUDIT] type=authz | user=anonymous | action=orchestrator_query_complete | status=success | meta={}
[2026-08-17 07:18:44,868] INFO     in audit_engine [Trace: N/A, Request: N/A, Session: N/A]: [AUDIT] type=authz | user=anonymous | action=orchestrator_query_start | status=success | meta={'query': 'what fertilizer dose should I use for wheat'}
[2026-08-17 07:18:44,887] WARNING  in audit_engine [Trace: N/A, Request: N/A, Session: N/A]: [AUDIT] type=authz | user=anonymous | action=execute_agent:Memory | status=failure | meta={'reason': 'Unauthorized agent scope'}
[2026-08-17 07:18:44,898] WARNING  in audit_engine [Trace: N/A, Request: N/A, Session: N/A]: [AUDIT] type=authz | user=anonymous | action=execute_agent:Knowledge | status=failure | meta={'reason': 'Unauthorized agent scope'}
[2026-08-17 07:18:45,618] INFO     in audit_engine [Trace: N/A, Request: N/A, Session: N/A]: [AUDIT] type=authz | user=anonymous | action=orchestrator_query_complete | status=success | meta={}
[2026-08-17 07:18:45,623] INFO     in audit_engine [Trace: N/A, Request: N/A, Session: N/A]: [AUDIT] type=authz | user=anonymous | action=orchestrator_query_start | status=success | meta={'query': 'It is raining in Ludhiana and my wheat has yellow '}
[2026-08-17 07:18:45,641] WARNING  in audit_engine [Trace: N/A, Request: N/A, Session: N/A]: [AUDIT] type=authz | user=anonymous | action=execute_agent:Knowledge | status=failure | meta={'reason': 'Unauthorized agent scope'}
[2026-08-17 07:18:50,418] INFO     in audit_engine [Trace: N/A, Request: N/A, Session: N/A]: [AUDIT] type=authz | user=anonymous | action=orchestrator_query_complete | status=success | meta={}
[2026-08-17 07:18:50,418] INFO     in audit_engine [Trace: N/A, Request: N/A, Session: N/A]: [AUDIT] type=authz | user=anonymous | action=orchestrator_query_start | status=success | meta={'query': "what's the mandi rate for wheat in Ludhiana"}
[2026-08-17 07:18:50,427] WARNING  in audit_engine [Trace: N/A, Request: N/A, Session: N/A]: [AUDIT] type=authz | user=anonymous | action=execute_agent:Knowledge | status=failure | meta={'reason': 'Unauthorized agent scope'}
[2026-08-17 07:18:50,798] INFO     in audit_engine [Trace: N/A, Request: N/A, Session: N/A]: [AUDIT] type=authz | user=anonymous | action=orchestrator_query_complete | status=success | meta={}
[2026-08-17 07:18:50,798] INFO     in audit_engine [Trace: N/A, Request: N/A, Session: N/A]: [AUDIT] type=authz | user=anonymous | action=orchestrator_query_start | status=success | meta={'query': 'how much money do farmers get under PM-Kisan schem'}
[2026-08-17 07:18:50,805] WARNING  in audit_engine [Trace: N/A, Request: N/A, Session: N/A]: [AUDIT] type=authz | user=anonymous | action=execute_agent:Knowledge | status=failure | meta={'reason': 'Unauthorized agent scope'}
[2026-08-17 07:18:51,438] INFO     in audit_engine [Trace: N/A, Request: N/A, Session: N/A]: [AUDIT] type=authz | user=anonymous | action=orchestrator_query_complete | status=success | meta={}
[2026-08-17 07:18:51,438] INFO     in audit_engine [Trace: N/A, Request: N/A, Session: N/A]: [AUDIT] type=authz | user=anonymous | action=orchestrator_query_start | status=success | meta={'query': 'at what depth should I sow wheat seeds'}
[2026-08-17 07:18:51,463] WARNING  in audit_engine [Trace: N/A, Request: N/A, Session: N/A]: [AUDIT] type=authz | user=anonymous | action=execute_agent:Memory | status=failure | meta={'reason': 'Unauthorized agent scope'}
[2026-08-17 07:18:51,466] WARNING  in audit_engine [Trace: N/A, Request: N/A, Session: N/A]: [AUDIT] type=authz | user=anonymous | action=execute_agent:Knowledge | status=failure | meta={'reason': 'Unauthorized agent scope'}
[2026-08-17 07:18:52,137] INFO     in audit_engine [Trace: N/A, Request: N/A, Session: N/A]: [AUDIT] type=authz | user=anonymous | action=orchestrator_query_complete | status=success | meta={}
[2026-08-17 07:18:52,146] INFO     in audit_engine [Trace: N/A, Request: N/A, Session: N/A]: [AUDIT] type=authz | user=anonymous | action=orchestrator_query_start | status=success | meta={'query': 'how much fertilizer split for wheat crop'}
[2026-08-17 07:18:52,159] WARNING  in audit_engine [Trace: N/A, Request: N/A, Session: N/A]: [AUDIT] type=authz | user=anonymous | action=execute_agent:Memory | status=failure | meta={'reason': 'Unauthorized agent scope'}
[2026-08-17 07:18:52,162] WARNING  in audit_engine [Trace: N/A, Request: N/A, Session: N/A]: [AUDIT] type=authz | user=anonymous | action=execute_agent:Knowledge | status=failure | meta={'reason': 'Unauthorized agent scope'}
[2026-08-17 07:18:52,812] INFO     in audit_engine [Trace: N/A, Request: N/A, Session: N/A]: [AUDIT] type=authz | user=anonymous | action=orchestrator_query_complete | status=success | meta={}
[2026-08-17 07:18:52,812] INFO     in audit_engine [Trace: N/A, Request: N/A, Session: N/A]: [AUDIT] type=authz | user=anonymous | action=orchestrator_query_start | status=success | meta={'query': 'Heavy rain and yellow rust spots on wheat crop, wh'}
[2026-08-17 07:18:52,828] WARNING  in audit_engine [Trace: N/A, Request: N/A, Session: N/A]: [AUDIT] type=authz | user=anonymous | action=execute_agent:Knowledge | status=failure | meta={'reason': 'Unauthorized agent scope'}
[2026-08-17 07:18:56,666] INFO     in audit_engine [Trace: N/A, Request: N/A, Session: N/A]: [AUDIT] type=authz | user=anonymous | action=orchestrator_query_complete | status=success | meta={}
[2026-08-17 07:18:56,755] INFO     in audit_engine [Trace: N/A, Request: N/A, Session: N/A]: [AUDIT] type=auth | user=admin | action=login | status=success | meta={'ip': '127.0.0.1'}
[2026-08-17 07:18:56,757] WARNING  in audit_engine [Trace: N/A, Request: N/A, Session: N/A]: [AUDIT] type=authz | user=farmer_ramesh | action=execute_agent:VerifierAgent | status=failure | meta={'reason': 'role'}
[2026-08-17 07:18:57,149] INFO     in audit_engine [Trace: N/A, Request: N/A, Session: N/A]: [AUDIT] type=auth | user=admin | action=login_credentials | status=success | meta={'session_id': 'sess_9bbd31c27d0fe4ff', 'role': 'Admin'}
[2026-08-17 07:18:57,198] INFO     in audit_engine [Trace: N/A, Request: N/A, Session: N/A]: [AUDIT] type=auth | user=admin | action=token_refresh | status=success | meta={'session_id': 'sess_9bbd31c27d0fe4ff'}
[2026-08-17 07:18:57,225] INFO     in audit_engine [Trace: N/A, Request: N/A, Session: N/A]: [AUDIT] type=auth | user=admin | action=logout | status=success | meta={}
[2026-08-17 07:18:57,234] WARNING  in audit_engine [Trace: N/A, Request: N/A, Session: N/A]: [AUDIT] type=auth | user=admin | action=verify_session | status=failure | meta={'reason': 'Session expired or inactive'}
[2026-08-17 07:18:57,238] WARNING  in audit_engine [Trace: N/A, Request: N/A, Session: N/A]: [AUDIT] type=auth | user=anonymous | action=verify_token | status=failure | meta={'error': 'Session expired or timed out', 'token': 'eyJhbGciOiAiSFM...'}
[2026-08-17 07:18:57,627] WARNING  in audit_engine [Trace: N/A, Request: N/A, Session: N/A]: [AUDIT] type=auth | user=anonymous | action=verify_token | status=failure | meta={'error': 'Malformed token structure', 'token': 'invalid_token...'}
[2026-08-17 07:18:57,638] WARNING  in audit_engine [Trace: N/A, Request: N/A, Session: N/A]: [AUDIT] type=authz | user=anonymous | action=websocket_handshake | status=failure | meta={'reason': 'Invalid token: Invalid token: Malformed token structure'}
[2026-08-17 07:18:57,646] INFO     in audit_engine [Trace: N/A, Request: N/A, Session: N/A]: [AUDIT] type=authz | user=anonymous | action=websocket_handshake | status=success | meta={'warning': 'Unauthenticated connection accepted for backward compatibility'}
[2026-08-17 07:19:04,576] INFO     in audit_engine [Trace: N/A, Request: N/A, Session: N/A]: [AUDIT] type=authz | user=anonymous | action=orchestrator_query_start | status=success | meta={'query': 'weather forecast'}
[2026-08-17 07:19:04,592] WARNING  in audit_engine [Trace: N/A, Request: N/A, Session: N/A]: [AUDIT] type=authz | user=anonymous | action=execute_agent:Knowledge | status=failure | meta={'reason': 'Unauthorized agent scope'}
[2026-08-17 07:19:06,874] INFO     in audit_engine [Trace: N/A, Request: N/A, Session: N/A]: [AUDIT] type=authz | user=anonymous | action=orchestrator_query_complete | status=success | meta={}
[2026-08-17 07:19:12,061] INFO     in audit_engine [Trace: N/A, Request: N/A, Session: N/A]: [AUDIT] type=authz | user=anonymous | action=orchestrator_query_start | status=success | meta={'query': 'What is the recommended fertilizer for wheat crops'}
[2026-08-17 07:19:12,074] WARNING  in audit_engine [Trace: N/A, Request: N/A, Session: N/A]: [AUDIT] type=authz | user=anonymous | action=execute_agent:Memory | status=failure | meta={'reason': 'Unauthorized agent scope'}
[2026-08-17 07:19:12,074] WARNING  in audit_engine [Trace: N/A, Request: N/A, Session: N/A]: [AUDIT] type=authz | user=anonymous | action=execute_agent:Knowledge | status=failure | meta={'reason': 'Unauthorized agent scope'}
[2026-08-17 07:19:16,011] INFO     in audit_engine [Trace: N/A, Request: N/A, Session: N/A]: [AUDIT] type=authz | user=anonymous | action=orchestrator_query_complete | status=success | meta={}
[2026-08-17 07:19:16,729] INFO     in audit_engine [Trace: N/A, Request: N/A, Session: N/A]: [AUDIT] type=auth | user=admin | action=login_credentials | status=success | meta={'session_id': 'sess_7d50c38d839592b7', 'role': 'Admin'}
[2026-08-17 07:19:17,653] INFO     in audit_engine [Trace: N/A, Request: N/A, Session: N/A]: [AUDIT] type=authz | user=anonymous | action=orchestrator_query_start | status=success | meta={'query': 'Is there subsidy for wheat?'}
[2026-08-17 07:19:17,668] WARNING  in audit_engine [Trace: N/A, Request: N/A, Session: N/A]: [AUDIT] type=authz | user=anonymous | action=execute_agent:Knowledge | status=failure | meta={'reason': 'Unauthorized agent scope'}
[2026-08-17 07:19:22,066] INFO     in audit_engine [Trace: N/A, Request: N/A, Session: N/A]: [AUDIT] type=authz | user=anonymous | action=orchestrator_query_complete | status=success | meta={}
[2026-08-17 07:19:22,457] INFO     in audit_engine [Trace: N/A, Request: N/A, Session: N/A]: [AUDIT] type=authz | user=anonymous | action=orchestrator_query_start | status=success | meta={'query': 'Is there subsidy for wheat?'}
[2026-08-17 07:19:22,463] WARNING  in audit_engine [Trace: N/A, Request: N/A, Session: N/A]: [AUDIT] type=authz | user=anonymous | action=execute_agent:Knowledge | status=failure | meta={'reason': 'Unauthorized agent scope'}
[2026-08-17 07:19:25,509] INFO     in audit_engine [Trace: N/A, Request: N/A, Session: N/A]: [AUDIT] type=authz | user=anonymous | action=orchestrator_query_complete | status=success | meta={}
[2026-08-17 07:19:26,987] INFO     in audit_engine [Trace: N/A, Request: N/A, Session: N/A]: [AUDIT] type=authz | user=anonymous | action=orchestrator_query_start | status=success | meta={'query': 'Is rain expected tomorrow?'}
[2026-08-17 07:19:26,994] WARNING  in audit_engine [Trace: N/A, Request: N/A, Session: N/A]: [AUDIT] type=authz | user=anonymous | action=execute_agent:Knowledge | status=failure | meta={'reason': 'Unauthorized agent scope'}
[2026-08-17 07:20:30,612] INFO     in audit_engine [Trace: N/A, Request: N/A, Session: N/A]: [AUDIT] type=authz | user=anonymous | action=orchestrator_query_start | status=success | meta={'query': 'Should I plant Wheat in Ludhiana next season?'}
[2026-08-17 07:20:30,620] WARNING  in audit_engine [Trace: N/A, Request: N/A, Session: N/A]: [AUDIT] type=authz | user=anonymous | action=execute_agent:Memory | status=failure | meta={'reason': 'Unauthorized agent scope'}
[2026-08-17 07:20:34,818] INFO     in audit_engine [Trace: N/A, Request: N/A, Session: N/A]: [AUDIT] type=authz | user=anonymous | action=orchestrator_query_complete | status=success | meta={}
[2026-08-17 07:20:35,970] INFO     in audit_engine [Trace: N/A, Request: N/A, Session: N/A]: [AUDIT] type=authz | user=anonymous | action=orchestrator_query_start | status=success | meta={'query': 'Market price of wheat?'}
[2026-08-17 07:20:35,970] WARNING  in audit_engine [Trace: N/A, Request: N/A, Session: N/A]: [AUDIT] type=authz | user=anonymous | action=execute_agent:Knowledge | status=failure | meta={'reason': 'Unauthorized agent scope'}
[2026-08-17 07:20:36,448] INFO     in audit_engine [Trace: N/A, Request: N/A, Session: N/A]: [AUDIT] type=authz | user=anonymous | action=orchestrator_query_complete | status=success | meta={}
[2026-08-17 07:20:36,887] INFO     in audit_engine [Trace: N/A, Request: N/A, Session: N/A]: [AUDIT] type=authz | user=anonymous | action=orchestrator_query_start | status=success | meta={'query': 'Market price of wheat?'}
[2026-08-17 07:20:36,894] WARNING  in audit_engine [Trace: N/A, Request: N/A, Session: N/A]: [AUDIT] type=authz | user=anonymous | action=execute_agent:Knowledge | status=failure | meta={'reason': 'Unauthorized agent scope'}
[2026-08-17 07:20:37,377] INFO     in audit_engine [Trace: N/A, Request: N/A, Session: N/A]: [AUDIT] type=authz | user=anonymous | action=orchestrator_query_complete | status=success | meta={}
[2026-08-17 07:20:38,549] INFO     in audit_engine [Trace: N/A, Request: N/A, Session: N/A]: [AUDIT] type=authz | user=anonymous | action=orchestrator_query_start | status=success | meta={'query': 'Explain PM-Kisan scheme and weather risks in Ludhi'}
[2026-08-17 07:20:38,549] WARNING  in audit_engine [Trace: N/A, Request: N/A, Session: N/A]: [AUDIT] type=authz | user=anonymous | action=execute_agent:Knowledge | status=failure | meta={'reason': 'Unauthorized agent scope'}
[2026-08-17 07:20:42,708] INFO     in audit_engine [Trace: N/A, Request: N/A, Session: N/A]: [AUDIT] type=authz | user=anonymous | action=orchestrator_query_complete | status=success | meta={}
[2026-08-17 07:20:44,143] INFO     in audit_engine [Trace: N/A, Request: N/A, Session: N/A]: [AUDIT] type=authz | user=anonymous | action=orchestrator_query_start | status=success | meta={'query': 'What is the price of wheat?'}
[2026-08-17 07:20:44,151] WARNING  in audit_engine [Trace: N/A, Request: N/A, Session: N/A]: [AUDIT] type=authz | user=anonymous | action=execute_agent:Knowledge | status=failure | meta={'reason': 'Unauthorized agent scope'}
[2026-08-17 07:20:47,993] INFO     in audit_engine [Trace: N/A, Request: N/A, Session: N/A]: [AUDIT] type=authz | user=anonymous | action=orchestrator_query_complete | status=success | meta={}
[2026-08-17 07:21:13,720] INFO     in audit_engine [Trace: N/A, Request: N/A, Session: N/A]: [AUDIT] type=authz | user=anonymous | action=orchestrator_query_start | status=success | meta={'query': 'Tell me about the PM-Kisan scheme and who is eligi'}
[2026-08-17 07:21:13,727] WARNING  in audit_engine [Trace: N/A, Request: N/A, Session: N/A]: [AUDIT] type=authz | user=anonymous | action=execute_agent:Knowledge | status=failure | meta={'reason': 'Unauthorized agent scope'}
[2026-08-17 07:21:14,028] INFO     in audit_engine [Trace: N/A, Request: N/A, Session: N/A]: [AUDIT] type=authz | user=anonymous | action=orchestrator_query_complete | status=success | meta={}
[2026-08-17 07:21:16,654] INFO     in audit_engine [Trace: N/A, Request: N/A, Session: N/A]: [AUDIT] type=authz | user=anonymous | action=orchestrator_query_start | status=success | meta={'query': 'Tell me about PM-Kisan scheme.'}
[2026-08-17 07:21:16,654] WARNING  in audit_engine [Trace: N/A, Request: N/A, Session: N/A]: [AUDIT] type=authz | user=anonymous | action=execute_agent:Knowledge | status=failure | meta={'reason': 'Unauthorized agent scope'}
[2026-08-17 07:21:17,282] INFO     in audit_engine [Trace: N/A, Request: N/A, Session: N/A]: [AUDIT] type=authz | user=anonymous | action=orchestrator_query_complete | status=success | meta={}
[2026-08-17 07:21:37,781] INFO     in audit_engine [Trace: N/A, Request: N/A, Session: N/A]: [AUDIT] type=authz | user=anonymous | action=orchestrator_query_start | status=success | meta={'query': 'Advisory for organic wheat fertilization'}
[2026-08-17 07:21:37,785] WARNING  in audit_engine [Trace: N/A, Request: N/A, Session: N/A]: [AUDIT] type=authz | user=anonymous | action=execute_agent:Memory | status=failure | meta={'reason': 'Unauthorized agent scope'}
[2026-08-17 07:21:37,785] WARNING  in audit_engine [Trace: N/A, Request: N/A, Session: N/A]: [AUDIT] type=authz | user=anonymous | action=execute_agent:Knowledge | status=failure | meta={'reason': 'Unauthorized agent scope'}
[2026-08-17 07:21:41,434] INFO     in audit_engine [Trace: N/A, Request: N/A, Session: N/A]: [AUDIT] type=authz | user=anonymous | action=orchestrator_query_complete | status=success | meta={}
[2026-08-17 07:21:42,266] INFO     in audit_engine [Trace: N/A, Request: N/A, Session: N/A]: [AUDIT] type=authz | user=anonymous | action=orchestrator_query_start | status=success | meta={'query': 'What is the nitrogen dose for maize?'}
[2026-08-17 07:21:42,274] WARNING  in audit_engine [Trace: N/A, Request: N/A, Session: N/A]: [AUDIT] type=authz | user=anonymous | action=execute_agent:Memory | status=failure | meta={'reason': 'Unauthorized agent scope'}
[2026-08-17 07:21:42,275] WARNING  in audit_engine [Trace: N/A, Request: N/A, Session: N/A]: [AUDIT] type=authz | user=anonymous | action=execute_agent:Knowledge | status=failure | meta={'reason': 'Unauthorized agent scope'}
[2026-08-17 07:21:45,892] INFO     in audit_engine [Trace: N/A, Request: N/A, Session: N/A]: [AUDIT] type=authz | user=anonymous | action=orchestrator_query_complete | status=success | meta={}
[2026-08-17 07:21:51,282] INFO     in audit_engine [Trace: N/A, Request: N/A, Session: N/A]: [AUDIT] type=authz | user=anonymous | action=orchestrator_query_start | status=success | meta={'query': 'What irrigation advice is recommended for my rice '}
[2026-08-17 07:21:51,291] WARNING  in audit_engine [Trace: N/A, Request: N/A, Session: N/A]: [AUDIT] type=authz | user=anonymous | action=execute_agent:Memory | status=failure | meta={'reason': 'Unauthorized agent scope'}
[2026-08-17 07:21:51,291] WARNING  in audit_engine [Trace: N/A, Request: N/A, Session: N/A]: [AUDIT] type=authz | user=anonymous | action=execute_agent:Knowledge | status=failure | meta={'reason': 'Unauthorized agent scope'}
[2026-08-17 07:21:51,734] INFO     in audit_engine [Trace: N/A, Request: N/A, Session: N/A]: [AUDIT] type=authz | user=anonymous | action=orchestrator_query_complete | status=success | meta={}
[2026-08-17 07:21:54,438] INFO     in audit_engine [Trace: N/A, Request: N/A, Session: N/A]: [AUDIT] type=authz | user=anonymous | action=orchestrator_query_start | status=success | meta={'query': 'What is the current mandi rate for wheat in Punjab'}
[2026-08-17 07:21:54,453] WARNING  in audit_engine [Trace: N/A, Request: N/A, Session: N/A]: [AUDIT] type=authz | user=anonymous | action=execute_agent:Knowledge | status=failure | meta={'reason': 'Unauthorized agent scope'}
[2026-08-17 07:21:59,006] INFO     in audit_engine [Trace: N/A, Request: N/A, Session: N/A]: [AUDIT] type=authz | user=anonymous | action=orchestrator_query_complete | status=success | meta={}
[2026-08-17 07:22:04,609] INFO     in audit_engine [Trace: N/A, Request: N/A, Session: N/A]: [AUDIT] type=authz | user=anonymous | action=orchestrator_query_start | status=success | meta={'query': 'What is the weather forecast for Ludhiana today?'}
[2026-08-17 07:22:04,617] WARNING  in audit_engine [Trace: N/A, Request: N/A, Session: N/A]: [AUDIT] type=authz | user=anonymous | action=execute_agent:Knowledge | status=failure | meta={'reason': 'Unauthorized agent scope'}
[2026-08-17 07:22:08,028] INFO     in audit_engine [Trace: N/A, Request: N/A, Session: N/A]: [AUDIT] type=authz | user=anonymous | action=orchestrator_query_complete | status=success | meta={}
[2026-08-17 07:22:13,589] INFO     in audit_engine [Trace: N/A, Request: N/A, Session: N/A]: [AUDIT] type=authz | user=anonymous | action=orchestrator_query_start | status=success | meta={'query': 'My wheat crop has yellow rust spots, what should I'}
[2026-08-17 07:22:13,597] WARNING  in audit_engine [Trace: N/A, Request: N/A, Session: N/A]: [AUDIT] type=authz | user=anonymous | action=execute_agent:Knowledge | status=failure | meta={'reason': 'Unauthorized agent scope'}
[2026-08-17 07:22:16,979] INFO     in audit_engine [Trace: N/A, Request: N/A, Session: N/A]: [AUDIT] type=authz | user=anonymous | action=orchestrator_query_complete | status=success | meta={}
[2026-08-17 07:22:38,192] INFO     in audit_engine [Trace: N/A, Request: N/A, Session: N/A]: [AUDIT] type=authz | user=anonymous | action=orchestrator_query_start | status=success | meta={'query': 'How is the mandi price of wheat today?'}
[2026-08-17 07:22:38,199] WARNING  in audit_engine [Trace: N/A, Request: N/A, Session: N/A]: [AUDIT] type=authz | user=anonymous | action=execute_agent:Knowledge | status=failure | meta={'reason': 'Unauthorized agent scope'}
[2026-08-17 07:22:38,713] INFO     in audit_engine [Trace: N/A, Request: N/A, Session: N/A]: [AUDIT] type=authz | user=anonymous | action=orchestrator_query_complete | status=success | meta={}
[2026-08-17 07:22:40,080] INFO     in audit_engine [Trace: N/A, Request: N/A, Session: N/A]: [AUDIT] type=authz | user=anonymous | action=orchestrator_query_start | status=success | meta={'query': 'what is the price of wheat in Ludhiana today'}
[2026-08-17 07:22:40,087] WARNING  in audit_engine [Trace: N/A, Request: N/A, Session: N/A]: [AUDIT] type=authz | user=anonymous | action=execute_agent:Knowledge | status=failure | meta={'reason': 'Unauthorized agent scope'}
[2026-08-17 07:22:40,444] INFO     in audit_engine [Trace: N/A, Request: N/A, Session: N/A]: [AUDIT] type=authz | user=anonymous | action=orchestrator_query_complete | status=success | meta={}
[2026-08-17 07:22:40,444] INFO     in audit_engine [Trace: N/A, Request: N/A, Session: N/A]: [AUDIT] type=authz | user=anonymous | action=orchestrator_query_start | status=success | meta={'query': 'am I eligible for PM Kisan scheme'}
[2026-08-17 07:22:40,451] WARNING  in audit_engine [Trace: N/A, Request: N/A, Session: N/A]: [AUDIT] type=authz | user=anonymous | action=execute_agent:Knowledge | status=failure | meta={'reason': 'Unauthorized agent scope'}
[2026-08-17 07:22:40,852] INFO     in audit_engine [Trace: N/A, Request: N/A, Session: N/A]: [AUDIT] type=authz | user=anonymous | action=orchestrator_query_complete | status=success | meta={}
[2026-08-17 07:22:40,852] INFO     in audit_engine [Trace: N/A, Request: N/A, Session: N/A]: [AUDIT] type=authz | user=anonymous | action=orchestrator_query_start | status=success | meta={'query': 'what is the agronomic guide for wheat sowing depth'}
[2026-08-17 07:22:40,859] WARNING  in audit_engine [Trace: N/A, Request: N/A, Session: N/A]: [AUDIT] type=authz | user=anonymous | action=execute_agent:Memory | status=failure | meta={'reason': 'Unauthorized agent scope'}
[2026-08-17 07:22:40,859] WARNING  in audit_engine [Trace: N/A, Request: N/A, Session: N/A]: [AUDIT] type=authz | user=anonymous | action=execute_agent:Knowledge | status=failure | meta={'reason': 'Unauthorized agent scope'}
[2026-08-17 07:22:41,147] INFO     in audit_engine [Trace: N/A, Request: N/A, Session: N/A]: [AUDIT] type=authz | user=anonymous | action=orchestrator_query_complete | status=success | meta={}
[2026-08-17 07:22:41,147] INFO     in audit_engine [Trace: N/A, Request: N/A, Session: N/A]: [AUDIT] type=authz | user=anonymous | action=orchestrator_query_start | status=success | meta={'query': 'what fertilizer dose should I use for wheat'}
[2026-08-17 07:22:41,147] WARNING  in audit_engine [Trace: N/A, Request: N/A, Session: N/A]: [AUDIT] type=authz | user=anonymous | action=execute_agent:Memory | status=failure | meta={'reason': 'Unauthorized agent scope'}
[2026-08-17 07:22:41,155] WARNING  in audit_engine [Trace: N/A, Request: N/A, Session: N/A]: [AUDIT] type=authz | user=anonymous | action=execute_agent:Knowledge | status=failure | meta={'reason': 'Unauthorized agent scope'}
[2026-08-17 07:22:41,536] INFO     in audit_engine [Trace: N/A, Request: N/A, Session: N/A]: [AUDIT] type=authz | user=anonymous | action=orchestrator_query_complete | status=success | meta={}
[2026-08-17 07:22:41,536] INFO     in audit_engine [Trace: N/A, Request: N/A, Session: N/A]: [AUDIT] type=authz | user=anonymous | action=orchestrator_query_start | status=success | meta={'query': 'It is raining in Ludhiana and my wheat has yellow '}
[2026-08-17 07:22:41,544] WARNING  in audit_engine [Trace: N/A, Request: N/A, Session: N/A]: [AUDIT] type=authz | user=anonymous | action=execute_agent:Knowledge | status=failure | meta={'reason': 'Unauthorized agent scope'}
[2026-08-17 07:22:45,675] INFO     in audit_engine [Trace: N/A, Request: N/A, Session: N/A]: [AUDIT] type=authz | user=anonymous | action=orchestrator_query_complete | status=success | meta={}
[2026-08-17 07:22:45,675] INFO     in audit_engine [Trace: N/A, Request: N/A, Session: N/A]: [AUDIT] type=authz | user=anonymous | action=orchestrator_query_start | status=success | meta={'query': "what's the mandi rate for wheat in Ludhiana"}
[2026-08-17 07:22:45,684] WARNING  in audit_engine [Trace: N/A, Request: N/A, Session: N/A]: [AUDIT] type=authz | user=anonymous | action=execute_agent:Knowledge | status=failure | meta={'reason': 'Unauthorized agent scope'}
[2026-08-17 07:22:46,163] INFO     in audit_engine [Trace: N/A, Request: N/A, Session: N/A]: [AUDIT] type=authz | user=anonymous | action=orchestrator_query_complete | status=success | meta={}
[2026-08-17 07:22:46,163] INFO     in audit_engine [Trace: N/A, Request: N/A, Session: N/A]: [AUDIT] type=authz | user=anonymous | action=orchestrator_query_start | status=success | meta={'query': 'how much money do farmers get under PM-Kisan schem'}
[2026-08-17 07:22:46,170] WARNING  in audit_engine [Trace: N/A, Request: N/A, Session: N/A]: [AUDIT] type=authz | user=anonymous | action=execute_agent:Knowledge | status=failure | meta={'reason': 'Unauthorized agent scope'}
[2026-08-17 07:22:46,528] INFO     in audit_engine [Trace: N/A, Request: N/A, Session: N/A]: [AUDIT] type=authz | user=anonymous | action=orchestrator_query_complete | status=success | meta={}
[2026-08-17 07:22:46,528] INFO     in audit_engine [Trace: N/A, Request: N/A, Session: N/A]: [AUDIT] type=authz | user=anonymous | action=orchestrator_query_start | status=success | meta={'query': 'at what depth should I sow wheat seeds'}
[2026-08-17 07:22:46,534] WARNING  in audit_engine [Trace: N/A, Request: N/A, Session: N/A]: [AUDIT] type=authz | user=anonymous | action=execute_agent:Memory | status=failure | meta={'reason': 'Unauthorized agent scope'}
[2026-08-17 07:22:46,534] WARNING  in audit_engine [Trace: N/A, Request: N/A, Session: N/A]: [AUDIT] type=authz | user=anonymous | action=execute_agent:Knowledge | status=failure | meta={'reason': 'Unauthorized agent scope'}
[2026-08-17 07:22:46,965] INFO     in audit_engine [Trace: N/A, Request: N/A, Session: N/A]: [AUDIT] type=authz | user=anonymous | action=orchestrator_query_complete | status=success | meta={}
[2026-08-17 07:22:46,966] INFO     in audit_engine [Trace: N/A, Request: N/A, Session: N/A]: [AUDIT] type=authz | user=anonymous | action=orchestrator_query_start | status=success | meta={'query': 'how much fertilizer split for wheat crop'}
[2026-08-17 07:22:46,966] WARNING  in audit_engine [Trace: N/A, Request: N/A, Session: N/A]: [AUDIT] type=authz | user=anonymous | action=execute_agent:Memory | status=failure | meta={'reason': 'Unauthorized agent scope'}
[2026-08-17 07:22:46,973] WARNING  in audit_engine [Trace: N/A, Request: N/A, Session: N/A]: [AUDIT] type=authz | user=anonymous | action=execute_agent:Knowledge | status=failure | meta={'reason': 'Unauthorized agent scope'}
[2026-08-17 07:22:47,317] INFO     in audit_engine [Trace: N/A, Request: N/A, Session: N/A]: [AUDIT] type=authz | user=anonymous | action=orchestrator_query_complete | status=success | meta={}
[2026-08-17 07:22:47,317] INFO     in audit_engine [Trace: N/A, Request: N/A, Session: N/A]: [AUDIT] type=authz | user=anonymous | action=orchestrator_query_start | status=success | meta={'query': 'Heavy rain and yellow rust spots on wheat crop, wh'}
[2026-08-17 07:22:47,332] WARNING  in audit_engine [Trace: N/A, Request: N/A, Session: N/A]: [AUDIT] type=authz | user=anonymous | action=execute_agent:Knowledge | status=failure | meta={'reason': 'Unauthorized agent scope'}
[2026-08-17 07:22:50,890] INFO     in audit_engine [Trace: N/A, Request: N/A, Session: N/A]: [AUDIT] type=authz | user=anonymous | action=orchestrator_query_complete | status=success | meta={}
[2026-08-17 07:22:50,935] INFO     in audit_engine [Trace: N/A, Request: N/A, Session: N/A]: [AUDIT] type=auth | user=admin | action=login | status=success | meta={'ip': '127.0.0.1'}
[2026-08-17 07:22:50,936] WARNING  in audit_engine [Trace: N/A, Request: N/A, Session: N/A]: [AUDIT] type=authz | user=farmer_ramesh | action=execute_agent:VerifierAgent | status=failure | meta={'reason': 'role'}
[2026-08-17 07:22:51,166] INFO     in audit_engine [Trace: N/A, Request: N/A, Session: N/A]: [AUDIT] type=auth | user=admin | action=login_credentials | status=success | meta={'session_id': 'sess_36840947d44d23c0', 'role': 'Admin'}
[2026-08-17 07:22:51,184] INFO     in audit_engine [Trace: N/A, Request: N/A, Session: N/A]: [AUDIT] type=auth | user=admin | action=token_refresh | status=success | meta={'session_id': 'sess_36840947d44d23c0'}
[2026-08-17 07:22:51,195] INFO     in audit_engine [Trace: N/A, Request: N/A, Session: N/A]: [AUDIT] type=auth | user=admin | action=logout | status=success | meta={}
[2026-08-17 07:22:51,199] WARNING  in audit_engine [Trace: N/A, Request: N/A, Session: N/A]: [AUDIT] type=auth | user=admin | action=verify_session | status=failure | meta={'reason': 'Session expired or inactive'}
[2026-08-17 07:22:51,201] WARNING  in audit_engine [Trace: N/A, Request: N/A, Session: N/A]: [AUDIT] type=auth | user=anonymous | action=verify_token | status=failure | meta={'error': 'Session expired or timed out', 'token': 'eyJhbGciOiAiSFM...'}
[2026-08-17 07:22:51,339] WARNING  in audit_engine [Trace: N/A, Request: N/A, Session: N/A]: [AUDIT] type=auth | user=anonymous | action=verify_token | status=failure | meta={'error': 'Malformed token structure', 'token': 'invalid_token...'}
[2026-08-17 07:22:51,343] WARNING  in audit_engine [Trace: N/A, Request: N/A, Session: N/A]: [AUDIT] type=authz | user=anonymous | action=websocket_handshake | status=failure | meta={'reason': 'Invalid token: Invalid token: Malformed token structure'}
[2026-08-17 07:22:51,346] INFO     in audit_engine [Trace: N/A, Request: N/A, Session: N/A]: [AUDIT] type=authz | user=anonymous | action=websocket_handshake | status=success | meta={'warning': 'Unauthenticated connection accepted for backward compatibility'}
[2026-08-17 07:22:56,907] INFO     in audit_engine [Trace: N/A, Request: N/A, Session: N/A]: [AUDIT] type=authz | user=anonymous | action=orchestrator_query_start | status=success | meta={'query': 'weather forecast'}
[2026-08-17 07:22:56,918] WARNING  in audit_engine [Trace: N/A, Request: N/A, Session: N/A]: [AUDIT] type=authz | user=anonymous | action=execute_agent:Knowledge | status=failure | meta={'reason': 'Unauthorized agent scope'}
[2026-08-17 07:22:58,439] INFO     in audit_engine [Trace: N/A, Request: N/A, Session: N/A]: [AUDIT] type=authz | user=anonymous | action=orchestrator_query_complete | status=success | meta={}
[2026-08-17 07:23:03,376] INFO     in audit_engine [Trace: N/A, Request: N/A, Session: N/A]: [AUDIT] type=authz | user=anonymous | action=orchestrator_query_start | status=success | meta={'query': 'What is the recommended fertilizer for wheat crops'}
[2026-08-17 07:23:03,394] WARNING  in audit_engine [Trace: N/A, Request: N/A, Session: N/A]: [AUDIT] type=authz | user=anonymous | action=execute_agent:Memory | status=failure | meta={'reason': 'Unauthorized agent scope'}
[2026-08-17 07:23:03,399] WARNING  in audit_engine [Trace: N/A, Request: N/A, Session: N/A]: [AUDIT] type=authz | user=anonymous | action=execute_agent:Knowledge | status=failure | meta={'reason': 'Unauthorized agent scope'}
[2026-08-17 07:23:07,656] INFO     in audit_engine [Trace: N/A, Request: N/A, Session: N/A]: [AUDIT] type=authz | user=anonymous | action=orchestrator_query_complete | status=success | meta={}
[2026-08-17 07:23:08,212] INFO     in audit_engine [Trace: N/A, Request: N/A, Session: N/A]: [AUDIT] type=auth | user=admin | action=login_credentials | status=success | meta={'session_id': 'sess_013c47a3e77e743c', 'role': 'Admin'}
[2026-08-17 07:23:08,730] INFO     in audit_engine [Trace: N/A, Request: N/A, Session: N/A]: [AUDIT] type=authz | user=anonymous | action=orchestrator_query_start | status=success | meta={'query': 'Is there subsidy for wheat?'}
[2026-08-17 07:23:08,734] WARNING  in audit_engine [Trace: N/A, Request: N/A, Session: N/A]: [AUDIT] type=authz | user=anonymous | action=execute_agent:Knowledge | status=failure | meta={'reason': 'Unauthorized agent scope'}
[2026-08-17 07:23:12,364] INFO     in audit_engine [Trace: N/A, Request: N/A, Session: N/A]: [AUDIT] type=authz | user=anonymous | action=orchestrator_query_complete | status=success | meta={}
[2026-08-17 07:23:12,777] INFO     in audit_engine [Trace: N/A, Request: N/A, Session: N/A]: [AUDIT] type=authz | user=anonymous | action=orchestrator_query_start | status=success | meta={'query': 'Is there subsidy for wheat?'}
[2026-08-17 07:23:12,781] WARNING  in audit_engine [Trace: N/A, Request: N/A, Session: N/A]: [AUDIT] type=authz | user=anonymous | action=execute_agent:Knowledge | status=failure | meta={'reason': 'Unauthorized agent scope'}
[2026-08-17 07:23:15,849] INFO     in audit_engine [Trace: N/A, Request: N/A, Session: N/A]: [AUDIT] type=authz | user=anonymous | action=orchestrator_query_complete | status=success | meta={}
[2026-08-17 07:23:17,331] INFO     in audit_engine [Trace: N/A, Request: N/A, Session: N/A]: [AUDIT] type=authz | user=anonymous | action=orchestrator_query_start | status=success | meta={'query': 'Is rain expected tomorrow?'}
[2026-08-17 07:23:17,337] WARNING  in audit_engine [Trace: N/A, Request: N/A, Session: N/A]: [AUDIT] type=authz | user=anonymous | action=execute_agent:Knowledge | status=failure | meta={'reason': 'Unauthorized agent scope'}
